timestamp,period_label,predicted_acb_floor,predicted_real_time_floors,predicted_batch_floors,effective_tariff_rm_per_kwh,is_daytime,is_nighttime,is_weekend,is_public_holiday,real_time_workload_count,batch_workload_count,background_workload_count,batch_delayable_percent,required_background_reserve_percent,total_facility_power_kw,total_water_lph,pue_estimate,wue_l_per_kwh
2026-06-20 11:00:00,present,5,Floors 1-5,Floors 6-10,0.45,1,0,1,0,323,439,59,92.66,18,3030.87,6562.92,1.391,3.011
2026-06-20 12:00:00,future,5,Floors 1-5,Floors 6-10,0.45,1,0,1,0,353,375,63,87.83,15,3269.22,6894.73,1.479,3.12
2026-06-20 13:00:00,future,5,Floors 1-5,Floors 6-10,0.45,1,0,1,0,341,335,84,84.84,18,3154.89,7261.62,1.473,3.39
2026-06-20 14:00:00,future,5,Floors 1-5,Floors 6-10,0.45,1,0,1,0,351,318,75,87.16,18,3210.69,7043.63,1.469,3.224
2026-06-20 15:00:00,future,5,Floors 1-5,Floors 6-10,0.45,1,0,1,0,410,350,87,74.95,16,3336.14,7491.6,1.489,3.343
2026-06-20 16:00:00,future,5,Floors 1-5,Floors 6-10,0.45,1,0,1,0,345,361,91,94.26,17,3081.0,6850.68,1.413,3.142
2026-06-20 17:00:00,future,5,Floors 1-5,Floors 6-10,0.45,1,0,1,0,427,256,65,85.77,17,3182.25,7102.83,1.439,3.213
2026-06-20 18:00:00,future,5,Floors 1-5,Floors 6-10,0.45,1,0,1,0,346,404,67,95.0,16,3104.0,7611.18,1.395,3.422
2026-06-20 19:00:00,future,5,Floors 1-5,Floors 6-10,0.45,1,0,1,0,241,362,75,95.0,14,2996.86,7059.31,1.436,3.383
2026-06-20 20:00:00,future,5,Floors 1-5,Floors 6-10,0.45,1,0,1,0,286,380,72,95.0,16,2994.85,7290.04,1.424,3.465
2026-06-20 21:00:00,future,5,Floors 1-5,Floors 6-10,0.45,1,0,1,0,301,357,66,85.58,15,3052.88,7428.35,1.389,3.379
2026-06-20 22:00:00,future,4,Floors 1-4,Floors 5-10,0.315,0,1,1,0,263,297,100,76.89,14,3211.64,7325.83,1.391,3.173
2026-06-20 23:00:00,future,4,Floors 1-4,Floors 5-10,0.315,0,1,1,0,253,328,48,70.28,17,3082.69,6654.1,1.425,3.077
2026-06-21 00:00:00,future,4,Floors 1-4,Floors 5-10,0.315,0,1,1,0,210,290,81,77.25,14,3054.25,6821.98,1.429,3.192
2026-06-21 01:00:00,future,4,Floors 1-4,Floors 5-10,0.315,0,1,1,0,190,331,82,86.96,10,2878.75,7469.41,1.349,3.501
2026-06-21 02:00:00,future,4,Floors 1-4,Floors 5-10,0.315,0,1,1,0,194,238,97,67.17,15,2971.81,6631.01,1.368,3.052
2026-06-21 03:00:00,future,4,Floors 1-4,Floors 5-10,0.315,0,1,1,0,199,278,80,63.22,13,2770.26,6406.97,1.396,3.228
2026-06-21 04:00:00,future,3,Floors 1-3,Floors 4-10,0.315,0,1,1,0,169,250,86,65.21,15,2866.16,6997.72,1.355,3.309
2026-06-21 05:00:00,future,3,Floors 1-3,Floors 4-10,0.315,0,1,1,0,127,248,94,65.06,15,2849.64,6863.17,1.389,3.345
2026-06-21 06:00:00,future,4,Floors 1-4,Floors 5-10,0.315,0,1,1,0,204,237,88,82.18,14,2905.88,7166.23,1.453,3.584
2026-06-21 07:00:00,future,4,Floors 1-4,Floors 5-10,0.315,0,1,1,0,229,324,92,74.2,14,2846.84,6539.14,1.339,3.075
2026-06-21 08:00:00,future,4,Floors 1-4,Floors 5-10,0.45,1,0,1,0,198,308,78,95.0,16,2690.46,6725.42,1.381,3.453
2026-06-21 09:00:00,future,5,Floors 1-5,Floors 6-10,0.45,1,0,1,0,325,352,88,79.21,15,3257.82,7413.35,1.463,3.328
2026-06-21 10:00:00,future,5,Floors 1-5,Floors 6-10,0.45,1,0,1,0,386,350,72,87.04,20,3250.42,7073.34,1.435,3.122
2026-06-21 11:00:00,future,5,Floors 1-5,Floors 6-10,0.45,1,0,1,0,317,342,62,88.46,16,3253.54,7588.6,1.419,3.31
2026-06-21 12:00:00,future,5,Floors 1-5,Floors 6-10,0.45,1,0,1,0,356,422,70,83.46,18,3118.72,7515.25,1.376,3.316
2026-06-21 13:00:00,future,5,Floors 1-5,Floors 6-10,0.45,1,0,1,0,323,323,71,76.64,22,3152.11,6764.1,1.419,3.046
2026-06-21 14:00:00,future,5,Floors 1-5,Floors 6-10,0.45,1,0,1,0,367,353,76,91.1,16,3211.43,7460.98,1.377,3.199
2026-06-21 15:00:00,future,5,Floors 1-5,Floors 6-10,0.45,1,0,1,0,333,341,66,82.4,17,2950.9,6547.45,1.407,3.123
2026-06-21 16:00:00,future,5,Floors 1-5,Floors 6-10,0.45,1,0,1,0,362,344,73,75.37,18,2999.09,7212.93,1.361,3.273
2026-06-21 17:00:00,future,5,Floors 1-5,Floors 6-10,0.45,1,0,1,0,418,371,72,75.34,18,3232.2,7435.48,1.396,3.21
2026-06-21 18:00:00,future,5,Floors 1-5,Floors 6-10,0.45,1,0,1,0,304,305,100,95.0,16,3000.39,7222.12,1.435,3.454
2026-06-21 19:00:00,future,5,Floors 1-5,Floors 6-10,0.45,1,0,1,0,286,387,81,95.0,15,3084.34,7069.56,1.421,3.257
2026-06-21 20:00:00,future,5,Floors 1-5,Floors 6-10,0.45,1,0,1,0,307,341,62,77.4,14,3186.51,6855.01,1.403,3.018
2026-06-21 21:00:00,future,4,Floors 1-4,Floors 5-10,0.45,1,0,1,0,255,383,77,83.51,14,3150.42,7062.84,1.433,3.213
2026-06-21 22:00:00,future,4,Floors 1-4,Floors 5-10,0.315,0,1,1,0,223,272,90,75.41,10,2966.86,6824.22,1.402,3.226
2026-06-21 23:00:00,future,3,Floors 1-3,Floors 4-10,0.315,0,1,1,0,177,275,82,69.46,16,2991.57,6744.36,1.389,3.131
2026-06-22 00:00:00,future,5,Floors 1-5,Floors 6-10,0.35,0,1,0,0,313,231,93,71.6,16,2970.36,6393.36,1.343,2.89
2026-06-22 01:00:00,future,4,Floors 1-4,Floors 5-10,0.35,0,1,0,0,226,214,76,86.19,17,2905.04,6664.48,1.409,3.233
2026-06-22 02:00:00,future,4,Floors 1-4,Floors 5-10,0.35,0,1,0,0,242,185,84,82.04,12,3054.42,6605.4,1.4,3.028
2026-06-22 03:00:00,future,5,Floors 1-5,Floors 6-10,0.35,0,1,0,0,267,198,80,65.65,17,2880.71,7179.82,1.367,3.407
2026-06-22 04:00:00,future,4,Floors 1-4,Floors 5-10,0.35,0,1,0,0,204,205,87,83.46,17,2932.21,6861.15,1.386,3.243
2026-06-22 05:00:00,future,4,Floors 1-4,Floors 5-10,0.35,0,1,0,0,225,163,86,69.42,15,2919.04,7211.91,1.407,3.477
2026-06-22 06:00:00,future,4,Floors 1-4,Floors 5-10,0.35,0,1,0,0,203,156,86,57.11,14,3082.88,6332.72,1.47,3.02
2026-06-22 07:00:00,future,4,Floors 1-4,Floors 5-10,0.35,0,1,0,0,273,193,70,75.86,14,2950.69,6957.36,1.334,3.144
2026-06-22 08:00:00,future,5,Floors 1-5,Floors 6-10,0.5,1,0,0,0,312,327,96,74.18,21,2979.91,6813.01,1.384,3.164
2026-06-22 09:00:00,future,5,Floors 1-5,Floors 6-10,0.5,1,0,0,0,348,261,66,91.04,16,3022.41,7062.03,1.426,3.332
2026-06-22 10:00:00,future,6,Floors 1-6,Floors 7-10,0.5,1,0,0,0,403,237,93,84.52,16,3124.38,7027.32,1.397,3.142
2026-06-22 11:00:00,future,6,Floors 1-6,Floors 7-10,0.5,1,0,0,0,383,263,83,83.97,19,3160.75,7251.03,1.478,3.392
2026-06-22 12:00:00,future,6,Floors 1-6,Floors 7-10,0.5,1,0,0,0,437,232,61,81.94,17,3331.07,6971.38,1.44,3.013
2026-06-22 13:00:00,future,6,Floors 1-6,Floors 7-10,0.5,1,0,0,0,429,251,75,82.38,20,3135.05,7489.57,1.41,3.369
2026-06-22 14:00:00,future,6,Floors 1-6,Floors 7-10,0.5,1,0,0,0,405,228,86,79.21,17,3217.39,7081.5,1.491,3.282
2026-06-22 15:00:00,future,6,Floors 1-6,Floors 7-10,0.5,1,0,0,0,368,191,91,82.62,15,3215.19,7118.59,1.456,3.225
2026-06-22 16:00:00,future,6,Floors 1-6,Floors 7-10,0.5,1,0,0,0,397,243,45,86.77,15,3150.21,7224.31,1.409,3.23
2026-06-22 17:00:00,future,5,Floors 1-5,Floors 6-10,0.5,1,0,0,0,385,325,74,81.27,14,3325.71,7474.88,1.45,3.259
2026-06-22 18:00:00,future,6,Floors 1-6,Floors 7-10,0.5,1,0,0,0,371,244,78,85.96,16,3249.01,7000.52,1.438,3.097
2026-06-22 19:00:00,future,5,Floors 1-5,Floors 6-10,0.5,1,0,0,0,270,243,63,68.26,13,2899.42,7005.63,1.431,3.458
2026-06-22 20:00:00,future,5,Floors 1-5,Floors 6-10,0.5,1,0,0,0,322,241,79,57.11,16,2983.11,7781.08,1.435,3.742
2026-06-22 21:00:00,future,6,Floors 1-6,Floors 7-10,0.5,1,0,0,0,349,277,84,70.74,14,3053.42,7809.3,1.426,3.647
2026-06-22 22:00:00,future,4,Floors 1-4,Floors 5-10,0.35,0,1,0,0,271,195,82,80.07,18,3078.7,7333.32,1.392,3.316
2026-06-22 23:00:00,future,4,Floors 1-4,Floors 5-10,0.35,0,1,0,0,228,227,73,74.45,15,2822.89,6637.04,1.318,3.099
2026-06-23 00:00:00,future,4,Floors 1-4,Floors 5-10,0.35,0,1,0,0,206,202,67,74.54,13,2724.43,7194.81,1.331,3.516
2026-06-23 01:00:00,future,4,Floors 1-4,Floors 5-10,0.35,0,1,0,0,242,234,95,79.49,14,3024.85,7130.55,1.385,3.265
2026-06-23 02:00:00,future,4,Floors 1-4,Floors 5-10,0.35,0,1,0,0,245,155,77,73.32,14,3034.15,7212.71,1.397,3.322
2026-06-23 03:00:00,future,4,Floors 1-4,Floors 5-10,0.35,0,1,0,0,179,173,87,68.02,14,2739.12,6758.72,1.38,3.405
2026-06-23 04:00:00,future,4,Floors 1-4,Floors 5-10,0.35,0,1,0,0,214,178,74,78.71,18,2953.8,6752.95,1.359,3.106
2026-06-23 05:00:00,future,4,Floors 1-4,Floors 5-10,0.35,0,1,0,0,234,256,100,72.97,15,2989.05,7521.61,1.411,3.551
2026-06-23 06:00:00,future,4,Floors 1-4,Floors 5-10,0.35,0,1,0,0,228,194,59,72.5,15,2954.64,6696.52,1.389,3.148
2026-06-23 07:00:00,future,4,Floors 1-4,Floors 5-10,0.35,0,1,0,0,272,219,74,61.93,14,3173.12,7047.76,1.4,3.109
2026-06-23 08:00:00,future,5,Floors 1-5,Floors 6-10,0.5,1,0,0,0,193,271,76,68.42,15,2982.01,7198.29,1.454,3.51
2026-06-23 09:00:00,future,6,Floors 1-6,Floors 7-10,0.5,1,0,0,0,403,259,68,82.23,14,3181.45,6809.46,1.458,3.12
2026-06-23 10:00:00,future,5,Floors 1-5,Floors 6-10,0.5,1,0,0,0,365,277,65,89.28,13,3036.45,7102.64,1.385,3.239
2026-06-23 11:00:00,future,6,Floors 1-6,Floors 7-10,0.5,1,0,0,0,355,248,62,95.0,19,3114.09,6756.87,1.458,3.163
2026-06-23 12:00:00,future,6,Floors 1-6,Floors 7-10,0.5,1,0,0,0,340,257,66,87.82,18,2955.4,6112.44,1.389,2.874
2026-06-23 13:00:00,future,6,Floors 1-6,Floors 7-10,0.5,1,0,0,0,386,257,89,85.66,13,2994.43,6932.3,1.365,3.16
2026-06-23 14:00:00,future,6,Floors 1-6,Floors 7-10,0.5,1,0,0,0,379,279,78,74.63,13,3290.77,7428.79,1.458,3.291
2026-06-23 15:00:00,future,6,Floors 1-6,Floors 7-10,0.5,1,0,0,0,377,190,64,84.92,13,3167.93,6430.4,1.449,2.942
2026-06-23 16:00:00,future,6,Floors 1-6,Floors 7-10,0.5,1,0,0,0,399,265,86,81.58,13,3371.1,7205.75,1.48,3.163
2026-06-23 17:00:00,future,6,Floors 1-6,Floors 7-10,0.5,1,0,0,0,389,287,82,92.83,18,3050.39,6793.72,1.344,2.994
2026-06-23 18:00:00,future,6,Floors 1-6,Floors 7-10,0.5,1,0,0,0,438,251,74,86.76,16,2982.36,7638.81,1.371,3.512
2026-06-23 19:00:00,future,5,Floors 1-5,Floors 6-10,0.5,1,0,0,0,317,286,66,79.45,14,3193.55,6549.62,1.441,2.956
2026-06-23 20:00:00,future,5,Floors 1-5,Floors 6-10,0.5,1,0,0,0,321,276,71,85.18,18,3090.18,6675.85,1.436,3.103
2026-06-23 21:00:00,future,5,Floors 1-5,Floors 6-10,0.5,1,0,0,0,263,284,65,90.61,14,3147.44,7320.24,1.454,3.382
2026-06-23 22:00:00,future,4,Floors 1-4,Floors 5-10,0.35,0,1,0,0,187,179,94,75.94,15,2879.31,6732.99,1.381,3.229
2026-06-23 23:00:00,future,4,Floors 1-4,Floors 5-10,0.35,0,1,0,0,224,249,93,60.99,10,2950.91,6647.92,1.393,3.139
2026-06-24 00:00:00,future,4,Floors 1-4,Floors 5-10,0.35,0,1,0,0,224,232,78,85.69,11,2927.08,6910.57,1.356,3.202
2026-06-24 01:00:00,future,4,Floors 1-4,Floors 5-10,0.35,0,1,0,0,230,221,76,75.91,15,2731.5,6698.48,1.343,3.293
2026-06-24 02:00:00,future,4,Floors 1-4,Floors 5-10,0.35,0,1,0,0,266,210,61,73.24,19,3060.82,6938.36,1.404,3.182
2026-06-24 03:00:00,future,4,Floors 1-4,Floors 5-10,0.35,0,1,0,0,243,216,83,67.98,17,2707.65,6394.99,1.326,3.131
2026-06-24 04:00:00,future,4,Floors 1-4,Floors 5-10,0.35,0,1,0,0,222,271,89,70.98,14,2889.08,6396.97,1.358,3.007
2026-06-24 05:00:00,future,4,Floors 1-4,Floors 5-10,0.35,0,1,0,0,257,203,95,67.53,10,2973.35,6907.31,1.388,3.225
2026-06-24 06:00:00,future,4,Floors 1-4,Floors 5-10,0.35,0,1,0,0,230,188,84,80.6,16,2974.69,7176.65,1.37,3.305
2026-06-24 07:00:00,future,4,Floors 1-4,Floors 5-10,0.35,0,1,0,0,225,238,97,61.96,15,3117.87,6322.08,1.369,2.775
2026-06-24 08:00:00,future,5,Floors 1-5,Floors 6-10,0.5,1,0,0,0,263,288,61,75.3,16,3111.66,6968.9,1.444,3.235
2026-06-24 09:00:00,future,5,Floors 1-5,Floors 6-10,0.5,1,0,0,0,347,232,76,77.81,17,2964.74,7042.03,1.367,3.247
2026-06-24 10:00:00,future,5,Floors 1-5,Floors 6-10,0.5,1,0,0,0,368,291,78,72.84,18,3132.48,7175.74,1.412,3.234
2026-06-24 11:00:00,future,5,Floors 1-5,Floors 6-10,0.5,1,0,0,0,307,295,77,74.02,16,3083.47,6888.48,1.406,3.142
2026-06-24 12:00:00,future,6,Floors 1-6,Floors 7-10,0.5,1,0,0,0,368,275,48,86.33,16,3123.47,7272.01,1.412,3.286
2026-06-24 13:00:00,future,5,Floors 1-5,Floors 6-10,0.5,1,0,0,0,372,304,75,76.23,17,3080.86,7580.66,1.435,3.531
2026-06-24 14:00:00,future,5,Floors 1-5,Floors 6-10,0.5,1,0,0,0,395,306,81,73.29,21,3041.45,7117.06,1.4,3.276
2026-06-24 15:00:00,future,6,Floors 1-6,Floors 7-10,0.5,1,0,0,0,404,295,52,76.47,18,2958.5,7592.04,1.386,3.557
2026-06-24 16:00:00,future,6,Floors 1-6,Floors 7-10,0.5,1,0,0,0,343,271,65,88.47,16,3178.17,6839.2,1.435,3.087
2026-06-24 17:00:00,future,5,Floors 1-5,Floors 6-10,0.5,1,0,0,0,362,305,65,86.38,15,3318.04,7313.91,1.441,3.176
2026-06-24 18:00:00,future,5,Floors 1-5,Floors 6-10,0.5,1,0,0,0,383,270,56,87.95,15,2838.66,7158.41,1.426,3.595
2026-06-24 19:00:00,future,6,Floors 1-6,Floors 7-10,0.5,1,0,0,0,382,306,82,90.19,17,3067.54,7586.45,1.414,3.497
2026-06-24 20:00:00,future,6,Floors 1-6,Floors 7-10,0.5,1,0,0,0,322,252,74,74.61,17,3329.18,7338.23,1.451,3.199
2026-06-24 21:00:00,future,5,Floors 1-5,Floors 6-10,0.5,1,0,0,0,267,282,64,95.0,14,2991.87,6834.1,1.381,3.156
2026-06-24 22:00:00,future,5,Floors 1-5,Floors 6-10,0.35,0,1,0,0,299,203,101,71.54,13,3172.56,7434.37,1.422,3.332
2026-06-24 23:00:00,future,4,Floors 1-4,Floors 5-10,0.35,0,1,0,0,206,252,106,69.36,16,2834.07,6720.44,1.36,3.224
2026-06-25 00:00:00,future,4,Floors 1-4,Floors 5-10,0.35,0,1,0,0,296,167,80,78.88,12,2873.65,6575.55,1.395,3.192
2026-06-25 01:00:00,future,4,Floors 1-4,Floors 5-10,0.35,0,1,0,0,227,164,75,73.07,13,2842.53,6408.52,1.329,2.997
2026-06-25 02:00:00,future,4,Floors 1-4,Floors 5-10,0.35,0,1,0,0,235,215,85,60.46,17,2938.71,6615.4,1.382,3.112
2026-06-25 03:00:00,future,4,Floors 1-4,Floors 5-10,0.35,0,1,0,0,200,223,76,80.89,14,2708.92,6474.81,1.403,3.354
2026-06-25 04:00:00,future,4,Floors 1-4,Floors 5-10,0.35,0,1,0,0,231,236,86,81.77,14,2992.46,6682.36,1.383,3.089
2026-06-25 05:00:00,future,4,Floors 1-4,Floors 5-10,0.35,0,1,0,0,218,249,61,82.89,10,3052.43,7242.53,1.412,3.35
2026-06-25 06:00:00,future,4,Floors 1-4,Floors 5-10,0.35,0,1,0,0,257,194,92,72.18,19,2882.05,6761.96,1.379,3.236
2026-06-25 07:00:00,future,4,Floors 1-4,Floors 5-10,0.35,0,1,0,0,213,243,72,74.04,11,3046.03,6826.99,1.392,3.121
2026-06-25 08:00:00,future,5,Floors 1-5,Floors 6-10,0.5,1,0,0,0,259,233,90,75.35,15,3052.29,6896.5,1.444,3.263
2026-06-25 09:00:00,future,5,Floors 1-5,Floors 6-10,0.5,1,0,0,0,364,307,62,71.66,17,3178.65,7306.31,1.455,3.345
2026-06-25 10:00:00,future,6,Floors 1-6,Floors 7-10,0.5,1,0,0,0,383,274,55,80.81,20,3259.33,7286.52,1.431,3.199
2026-06-25 11:00:00,future,6,Floors 1-6,Floors 7-10,0.5,1,0,0,0,388,272,94,92.47,18,3187.91,7105.81,1.438,3.204
2026-06-25 12:00:00,future,6,Floors 1-6,Floors 7-10,0.5,1,0,0,0,409,276,57,75.16,19,3182.28,7042.88,1.395,3.088
2026-06-25 13:00:00,future,6,Floors 1-6,Floors 7-10,0.5,1,0,0,0,358,244,97,74.32,16,3263.23,7318.97,1.422,3.189
2026-06-25 14:00:00,future,6,Floors 1-6,Floors 7-10,0.5,1,0,0,0,415,306,82,89.52,17,3402.06,7383.55,1.473,3.196
2026-06-25 15:00:00,future,6,Floors 1-6,Floors 7-10,0.5,1,0,0,0,433,271,60,91.71,17,3248.21,7164.01,1.429,3.151
2026-06-25 16:00:00,future,6,Floors 1-6,Floors 7-10,0.5,1,0,0,0,404,239,87,93.22,17,3051.23,6481.55,1.43,3.038
2026-06-25 17:00:00,future,6,Floors 1-6,Floors 7-10,0.5,1,0,0,0,384,289,65,70.05,17,3085.18,6470.13,1.443,3.026
2026-06-25 18:00:00,future,6,Floors 1-6,Floors 7-10,0.5,1,0,0,0,364,299,93,80.57,17,3001.58,7646.89,1.331,3.392
2026-06-25 19:00:00,future,6,Floors 1-6,Floors 7-10,0.5,1,0,0,0,360,265,81,94.16,12,3099.92,6841.71,1.433,3.164
2026-06-25 20:00:00,future,5,Floors 1-5,Floors 6-10,0.5,1,0,0,0,350,280,90,89.77,12,3191.82,7371.63,1.45,3.35
2026-06-25 21:00:00,future,5,Floors 1-5,Floors 6-10,0.5,1,0,0,0,281,238,47,75.66,17,3014.25,6735.47,1.434,3.205
2026-06-25 22:00:00,future,4,Floors 1-4,Floors 5-10,0.35,0,1,0,0,250,237,77,76.93,15,2790.34,7292.56,1.36,3.553
2026-06-25 23:00:00,future,4,Floors 1-4,Floors 5-10,0.35,0,1,0,0,226,309,77,78.63,18,3069.98,6978.54,1.398,3.179
2026-06-26 00:00:00,future,4,Floors 1-4,Floors 5-10,0.35,0,1,0,0,239,218,80,77.32,12,3007.56,6788.52,1.39,3.137
2026-06-26 01:00:00,future,4,Floors 1-4,Floors 5-10,0.35,0,1,0,0,235,211,78,60.61,15,3032.7,6691.83,1.407,3.104
2026-06-26 02:00:00,future,4,Floors 1-4,Floors 5-10,0.35,0,1,0,0,270,203,128,59.91,16,3121.24,7170.11,1.399,3.213
2026-06-26 03:00:00,future,4,Floors 1-4,Floors 5-10,0.35,0,1,0,0,272,163,90,73.41,17,2865.42,7013.83,1.361,3.332
2026-06-26 04:00:00,future,4,Floors 1-4,Floors 5-10,0.35,0,1,0,0,223,184,89,71.46,15,3014.46,6717.13,1.388,3.092
2026-06-26 05:00:00,future,4,Floors 1-4,Floors 5-10,0.35,0,1,0,0,227,146,82,73.68,15,2849.58,6591.58,1.393,3.222
2026-06-26 06:00:00,future,4,Floors 1-4,Floors 5-10,0.35,0,1,0,0,253,246,82,63.19,15,3050.87,7177.07,1.392,3.274
2026-06-26 07:00:00,future,4,Floors 1-4,Floors 5-10,0.35,0,1,0,0,315,198,81,86.33,17,2813.76,7012.92,1.327,3.307
2026-06-26 08:00:00,future,5,Floors 1-5,Floors 6-10,0.5,1,0,0,0,289,261,53,84.49,16,2998.75,6859.88,1.425,3.259
2026-06-26 09:00:00,future,6,Floors 1-6,Floors 7-10,0.5,1,0,0,0,388,260,89,86.4,20,3297.63,7064.9,1.407,3.015
2026-06-26 10:00:00,future,6,Floors 1-6,Floors 7-10,0.5,1,0,0,0,375,349,57,81.9,19,3077.21,7254.67,1.397,3.293
2026-06-26 11:00:00,future,6,Floors 1-6,Floors 7-10,0.5,1,0,0,0,426,214,70,94.64,15,3110.7,7144.94,1.452,3.334
2026-06-26 12:00:00,future,5,Floors 1-5,Floors 6-10,0.5,1,0,0,0,367,273,85,76.07,18,3237.28,6990.48,1.43,3.088
2026-06-26 13:00:00,future,6,Floors 1-6,Floors 7-10,0.5,1,0,0,0,415,268,47,78.13,18,3256.88,7777.07,1.439,3.436
2026-06-26 14:00:00,future,6,Floors 1-6,Floors 7-10,0.5,1,0,0,0,408,300,81,72.7,17,3159.3,7274.26,1.422,3.275
2026-06-26 15:00:00,future,6,Floors 1-6,Floors 7-10,0.5,1,0,0,0,434,290,90,80.98,16,3497.25,7649.94,1.436,3.14
2026-06-26 16:00:00,future,6,Floors 1-6,Floors 7-10,0.5,1,0,0,0,402,224,75,69.02,17,3131.36,6765.1,1.452,3.137
2026-06-26 17:00:00,future,6,Floors 1-6,Floors 7-10,0.5,1,0,0,0,438,284,79,79.84,19,3207.48,7155.59,1.412,3.151
2026-06-26 18:00:00,future,6,Floors 1-6,Floors 7-10,0.5,1,0,0,0,442,240,80,85.25,15,3138.59,7101.47,1.434,3.243
2026-06-26 19:00:00,future,5,Floors 1-5,Floors 6-10,0.5,1,0,0,0,323,247,62,75.33,16,2744.16,6873.53,1.386,3.472
2026-06-26 20:00:00,future,5,Floors 1-5,Floors 6-10,0.5,1,0,0,0,274,285,60,93.33,17,3142.2,6610.03,1.429,3.005
2026-06-26 21:00:00,future,5,Floors 1-5,Floors 6-10,0.5,1,0,0,0,359,243,80,82.67,17,3178.96,6355.96,1.466,2.932
2026-06-26 22:00:00,future,4,Floors 1-4,Floors 5-10,0.35,0,1,0,0,243,254,95,79.42,16,2845.04,7138.28,1.411,3.541
2026-06-26 23:00:00,future,4,Floors 1-4,Floors 5-10,0.35,0,1,0,0,240,241,91,78.22,13,3020.03,6884.93,1.38,3.147
2026-06-27 00:00:00,future,4,Floors 1-4,Floors 5-10,0.315,0,1,1,0,189,316,92,69.61,17,2980.64,6785.65,1.399,3.185
2026-06-27 01:00:00,future,3,Floors 1-3,Floors 4-10,0.315,0,1,1,0,163,319,91,83.85,13,3035.3,7072.99,1.392,3.243
2026-06-27 02:00:00,future,4,Floors 1-4,Floors 5-10,0.315,0,1,1,0,218,308,59,81.98,11,2843.23,6632.57,1.325,3.091
2026-06-27 03:00:00,future,4,Floors 1-4,Floors 5-10,0.315,0,1,1,0,234,331,87,67.05,15,2978.24,7411.69,1.416,3.523
2026-06-27 04:00:00,future,3,Floors 1-3,Floors 4-10,0.315,0,1,1,0,160,282,91,66.27,11,3032.45,6611.45,1.405,3.063
2026-06-27 05:00:00,future,4,Floors 1-4,Floors 5-10,0.315,0,1,1,0,179,319,89,73.31,14,3075.63,6675.78,1.394,3.026
2026-06-27 06:00:00,future,4,Floors 1-4,Floors 5-10,0.315,0,1,1,0,190,266,77,70.97,15,3112.29,6824.65,1.351,2.962
2026-06-27 07:00:00,future,4,Floors 1-4,Floors 5-10,0.315,0,1,1,0,226,318,96,80.75,15,2947.25,6763.98,1.388,3.186
2026-06-27 08:00:00,future,4,Floors 1-4,Floors 5-10,0.45,1,0,1,0,193,260,62,73.93,16,3063.03,7157.15,1.424,3.327
2026-06-27 09:00:00,future,5,Floors 1-5,Floors 6-10,0.45,1,0,1,0,283,366,84,94.87,19,3064.48,7384.86,1.43,3.447
2026-06-27 10:00:00,future,5,Floors 1-5,Floors 6-10,0.45,1,0,1,0,373,357,83,95.0,16,3349.93,6866.42,1.466,3.004
2026-06-27 11:00:00,future,5,Floors 1-5,Floors 6-10,0.45,1,0,1,0,337,342,75,86.08,18,3185.49,8148.99,1.458,3.73
2026-06-27 12:00:00,future,5,Floors 1-5,Floors 6-10,0.45,1,0,1,0,350,341,83,95.0,13,3071.58,6763.39,1.432,3.153
2026-06-27 13:00:00,future,5,Floors 1-5,Floors 6-10,0.45,1,0,1,0,398,310,94,91.63,17,3147.72,6557.12,1.455,3.031
2026-06-27 14:00:00,future,5,Floors 1-5,Floors 6-10,0.45,1,0,1,0,410,321,71,87.32,17,3079.91,7092.55,1.4,3.225
2026-06-27 15:00:00,future,5,Floors 1-5,Floors 6-10,0.45,1,0,1,0,396,333,91,90.91,13,3241.88,6946.95,1.439,3.084
2026-06-27 16:00:00,future,5,Floors 1-5,Floors 6-10,0.45,1,0,1,0,388,412,87,92.98,15,3290.54,6455.65,1.479,2.902
2026-06-27 17:00:00,future,5,Floors 1-5,Floors 6-10,0.45,1,0,1,0,377,359,68,77.18,16,3268.89,6843.6,1.441,3.016
2026-06-27 18:00:00,future,5,Floors 1-5,Floors 6-10,0.45,1,0,1,0,306,291,62,95.0,18,2911.3,7267.88,1.409,3.517
2026-06-27 19:00:00,future,4,Floors 1-4,Floors 5-10,0.45,1,0,1,0,223,319,96,92.54,15,2919.94,6685.67,1.429,3.271
2026-06-27 20:00:00,future,5,Floors 1-5,Floors 6-10,0.45,1,0,1,0,284,334,72,79.56,15,2935.92,7580.71,1.409,3.638
2026-06-27 21:00:00,future,5,Floors 1-5,Floors 6-10,0.45,1,0,1,0,288,360,65,92.6,13,3120.77,6970.74,1.429,3.192
2026-06-27 22:00:00,future,4,Floors 1-4,Floors 5-10,0.315,0,1,1,0,224,319,109,84.58,14,3182.95,7052.85,1.407,3.118
2026-06-27 23:00:00,future,4,Floors 1-4,Floors 5-10,0.315,0,1,1,0,213,280,71,65.92,12,2889.4,6881.94,1.402,3.34
2026-06-28 00:00:00,future,4,Floors 1-4,Floors 5-10,0.315,0,1,1,0,189,308,100,58.99,12,2900.36,6482.18,1.359,3.037
2026-06-28 01:00:00,future,4,Floors 1-4,Floors 5-10,0.315,0,1,1,0,198,341,99,72.64,17,2867.23,7327.24,1.347,3.442
2026-06-28 02:00:00,future,4,Floors 1-4,Floors 5-10,0.315,0,1,1,0,249,287,74,65.53,16,2933.86,7008.22,1.327,3.17
2026-06-28 03:00:00,future,4,Floors 1-4,Floors 5-10,0.315,0,1,1,0,191,254,97,83.12,14,2998.75,6779.09,1.376,3.11
2026-06-28 04:00:00,future,4,Floors 1-4,Floors 5-10,0.315,0,1,1,0,206,257,98,75.86,16,3108.27,6474.5,1.391,2.897
2026-06-28 05:00:00,future,4,Floors 1-4,Floors 5-10,0.315,0,1,1,0,205,256,71,65.53,12,2837.36,6349.64,1.365,3.055
2026-06-28 06:00:00,future,3,Floors 1-3,Floors 4-10,0.315,0,1,1,0,174,272,80,67.65,16,2956.37,6811.8,1.345,3.099
2026-06-28 07:00:00,future,4,Floors 1-4,Floors 5-10,0.315,0,1,1,0,210,226,98,71.16,13,2813.67,6585.33,1.367,3.199
2026-06-28 08:00:00,future,5,Floors 1-5,Floors 6-10,0.45,1,0,1,0,257,272,81,90.09,19,2930.56,6875.17,1.4,3.284
2026-06-28 09:00:00,future,5,Floors 1-5,Floors 6-10,0.45,1,0,1,0,353,336,90,85.41,19,3066.08,7644.97,1.417,3.532
2026-06-28 10:00:00,future,5,Floors 1-5,Floors 6-10,0.45,1,0,1,0,293,382,78,82.49,18,3031.83,7419.42,1.39,3.403
2026-06-28 11:00:00,future,5,Floors 1-5,Floors 6-10,0.45,1,0,1,0,359,405,64,95.0,16,3377.06,7582.14,1.446,3.246
2026-06-28 12:00:00,future,5,Floors 1-5,Floors 6-10,0.45,1,0,1,0,311,351,76,89.74,16,3239.5,6924.52,1.469,3.139
2026-06-28 13:00:00,future,5,Floors 1-5,Floors 6-10,0.45,1,0,1,0,409,345,85,89.46,15,3197.05,7372.53,1.4,3.229
2026-06-28 14:00:00,future,5,Floors 1-5,Floors 6-10,0.45,1,0,1,0,377,361,63,84.37,17,3307.79,6740.03,1.421,2.896
2026-06-28 15:00:00,future,5,Floors 1-5,Floors 6-10,0.45,1,0,1,0,366,312,72,91.91,17,2979.32,7203.85,1.431,3.461
2026-06-28 16:00:00,future,5,Floors 1-5,Floors 6-10,0.45,1,0,1,0,345,342,82,82.22,15,3104.92,7435.58,1.409,3.374
2026-06-28 17:00:00,future,5,Floors 1-5,Floors 6-10,0.45,1,0,1,0,385,319,78,80.43,13,3207.42,7167.17,1.419,3.17
2026-06-28 18:00:00,future,5,Floors 1-5,Floors 6-10,0.45,1,0,1,0,410,324,77,89.49,10,3332.38,6930.4,1.453,3.022
2026-06-28 19:00:00,future,5,Floors 1-5,Floors 6-10,0.45,1,0,1,0,297,349,108,71.18,18,3031.66,6859.77,1.421,3.215
2026-06-28 20:00:00,future,5,Floors 1-5,Floors 6-10,0.45,1,0,1,0,331,366,99,89.27,12,3142.56,7507.39,1.377,3.289
2026-06-28 21:00:00,future,5,Floors 1-5,Floors 6-10,0.45,1,0,1,0,303,349,108,74.63,13,3010.79,7217.34,1.376,3.299
2026-06-28 22:00:00,future,4,Floors 1-4,Floors 5-10,0.315,0,1,1,0,220,276,65,72.27,14,3046.6,7154.45,1.379,3.238
2026-06-28 23:00:00,future,4,Floors 1-4,Floors 5-10,0.315,0,1,1,0,158,239,94,82.89,13,2872.96,7008.03,1.382,3.372
2026-06-29 00:00:00,future,4,Floors 1-4,Floors 5-10,0.35,0,1,0,0,269,164,54,69.92,13,2705.51,6493.1,1.329,3.19
2026-06-29 01:00:00,future,4,Floors 1-4,Floors 5-10,0.35,0,1,0,0,259,179,97,76.17,14,2789.94,6193.33,1.376,3.054
2026-06-29 02:00:00,future,4,Floors 1-4,Floors 5-10,0.35,0,1,0,0,203,226,92,76.0,14,2819.69,6697.98,1.383,3.285
2026-06-29 03:00:00,future,4,Floors 1-4,Floors 5-10,0.35,0,1,0,0,215,146,76,61.37,18,2736.93,6941.21,1.33,3.373
2026-06-29 04:00:00,future,4,Floors 1-4,Floors 5-10,0.35,0,1,0,0,253,248,92,62.03,15,3207.19,6415.88,1.425,2.85
2026-06-29 05:00:00,future,4,Floors 1-4,Floors 5-10,0.35,0,1,0,0,257,264,105,68.61,13,2887.5,6609.4,1.397,3.198
2026-06-29 06:00:00,future,4,Floors 1-4,Floors 5-10,0.35,0,1,0,0,250,180,99,76.2,14,3009.56,7412.3,1.441,3.549
2026-06-29 07:00:00,future,4,Floors 1-4,Floors 5-10,0.35,0,1,0,0,248,240,67,81.33,12,2852.8,7353.45,1.361,3.509
2026-06-29 08:00:00,future,5,Floors 1-5,Floors 6-10,0.5,1,0,0,0,255,275,78,66.79,14,2974.32,7147.35,1.446,3.475
2026-06-29 09:00:00,future,6,Floors 1-6,Floors 7-10,0.5,1,0,0,0,374,272,79,75.94,17,3149.66,6879.44,1.418,3.097
2026-06-29 10:00:00,future,5,Floors 1-5,Floors 6-10,0.5,1,0,0,0,344,267,85,72.38,16,3033.82,6959.62,1.423,3.264
2026-06-29 11:00:00,future,5,Floors 1-5,Floors 6-10,0.5,1,0,0,0,350,286,76,82.04,13,3215.99,6876.87,1.456,3.113
2026-06-29 12:00:00,future,6,Floors 1-6,Floors 7-10,0.5,1,0,0,0,406,245,79,81.02,16,2976.15,6933.29,1.399,3.26
2026-06-29 13:00:00,future,6,Floors 1-6,Floors 7-10,0.5,1,0,0,0,385,215,60,85.22,16,3063.99,6363.66,1.403,2.914
2026-06-29 14:00:00,future,6,Floors 1-6,Floors 7-10,0.5,1,0,0,0,403,274,66,68.72,12,3221.92,7448.45,1.434,3.316
2026-06-29 15:00:00,future,5,Floors 1-5,Floors 6-10,0.5,1,0,0,0,367,226,76,90.11,19,3032.97,6407.34,1.41,2.979
2026-06-29 16:00:00,future,6,Floors 1-6,Floors 7-10,0.5,1,0,0,0,403,305,83,91.64,13,3156.09,7342.97,1.434,3.336
2026-06-29 17:00:00,future,6,Floors 1-6,Floors 7-10,0.5,1,0,0,0,413,305,85,86.49,19,3233.42,7270.99,1.451,3.264
2026-06-29 18:00:00,future,5,Floors 1-5,Floors 6-10,0.5,1,0,0,0,367,306,65,74.48,18,3032.02,7584.01,1.374,3.438
2026-06-29 19:00:00,future,6,Floors 1-6,Floors 7-10,0.5,1,0,0,0,352,302,84,79.36,13,3253.81,7520.57,1.493,3.452
2026-06-29 20:00:00,future,5,Floors 1-5,Floors 6-10,0.5,1,0,0,0,380,315,80,80.98,14,3070.71,7153.27,1.424,3.318
2026-06-29 21:00:00,future,5,Floors 1-5,Floors 6-10,0.5,1,0,0,0,307,213,79,82.88,16,3113.25,6423.7,1.43,2.95
2026-06-29 22:00:00,future,4,Floors 1-4,Floors 5-10,0.35,0,1,0,0,266,219,78,74.49,14,2986.25,6914.6,1.353,3.132
2026-06-29 23:00:00,future,4,Floors 1-4,Floors 5-10,0.35,0,1,0,0,235,177,98,78.47,14,2983.46,7069.45,1.386,3.284
2026-06-30 00:00:00,future,4,Floors 1-4,Floors 5-10,0.35,0,1,0,0,220,236,81,67.3,19,2892.9,6859.02,1.37,3.248
2026-06-30 01:00:00,future,4,Floors 1-4,Floors 5-10,0.35,0,1,0,0,179,263,90,64.79,14,2854.39,6506.21,1.352,3.081
2026-06-30 02:00:00,future,4,Floors 1-4,Floors 5-10,0.35,0,1,0,0,201,222,73,81.71,16,2894.25,6810.98,1.362,3.205
2026-06-30 03:00:00,future,4,Floors 1-4,Floors 5-10,0.35,0,1,0,0,258,205,102,60.21,13,3012.9,6250.32,1.406,2.916
2026-06-30 04:00:00,future,4,Floors 1-4,Floors 5-10,0.35,0,1,0,0,164,162,81,72.95,10,2795.35,6981.39,1.326,3.312
2026-06-30 05:00:00,future,4,Floors 1-4,Floors 5-10,0.35,0,1,0,0,250,194,77,73.2,13,2910.96,6847.71,1.399,3.291
2026-06-30 06:00:00,future,4,Floors 1-4,Floors 5-10,0.35,0,1,0,0,209,165,81,72.91,12,2900.07,6603.93,1.385,3.153
2026-06-30 07:00:00,future,4,Floors 1-4,Floors 5-10,0.35,0,1,0,0,256,272,68,69.49,15,2865.6,7101.81,1.34,3.321
2026-06-30 08:00:00,future,5,Floors 1-5,Floors 6-10,0.5,1,0,0,0,253,267,87,78.86,12,2993.31,7020.06,1.43,3.354
2026-06-30 09:00:00,future,6,Floors 1-6,Floors 7-10,0.5,1,0,0,0,381,290,70,81.57,16,3162.82,6729.71,1.442,3.068
2026-06-30 10:00:00,future,5,Floors 1-5,Floors 6-10,0.5,1,0,0,0,348,291,84,80.43,15,3070.14,6995.3,1.417,3.228
2026-06-30 11:00:00,future,6,Floors 1-6,Floors 7-10,0.5,1,0,0,0,390,266,76,79.56,18,3160.43,7026.49,1.409,3.133
2026-06-30 12:00:00,future,6,Floors 1-6,Floors 7-10,0.5,1,0,0,0,396,287,75,80.29,18,3195.36,6762.53,1.441,3.05
2026-06-30 13:00:00,future,6,Floors 1-6,Floors 7-10,0.5,1,0,0,0,451,293,90,90.77,19,3046.45,6715.69,1.401,3.089
2026-06-30 14:00:00,future,6,Floors 1-6,Floors 7-10,0.5,1,0,0,0,460,307,80,83.83,15,3192.63,7116.39,1.438,3.206
2026-06-30 15:00:00,future,5,Floors 1-5,Floors 6-10,0.5,1,0,0,0,388,269,78,78.61,22,3345.97,7130.3,1.435,3.058
2026-06-30 16:00:00,future,6,Floors 1-6,Floors 7-10,0.5,1,0,0,0,425,254,99,95.0,17,3078.16,7367.17,1.408,3.369
2026-06-30 17:00:00,future,6,Floors 1-6,Floors 7-10,0.5,1,0,0,0,369,301,96,78.64,16,3164.19,7777.68,1.417,3.483
2026-06-30 18:00:00,future,6,Floors 1-6,Floors 7-10,0.5,1,0,0,0,365,226,89,91.95,18,3125.09,6604.46,1.43,3.023
2026-06-30 19:00:00,future,5,Floors 1-5,Floors 6-10,0.5,1,0,0,0,319,274,73,70.11,16,2970.93,6917.83,1.358,3.163
2026-06-30 20:00:00,future,5,Floors 1-5,Floors 6-10,0.5,1,0,0,0,359,248,83,87.47,14,3086.13,7426.8,1.406,3.384
2026-06-30 21:00:00,future,5,Floors 1-5,Floors 6-10,0.5,1,0,0,0,259,258,70,77.92,16,2897.45,6855.7,1.391,3.29
2026-06-30 22:00:00,future,4,Floors 1-4,Floors 5-10,0.35,0,1,0,0,198,276,64,59.03,16,3080.77,6610.06,1.371,2.941
2026-06-30 23:00:00,future,4,Floors 1-4,Floors 5-10,0.35,0,1,0,0,230,272,84,73.56,16,2926.12,6412.35,1.381,3.026
2026-07-01 00:00:00,future,4,Floors 1-4,Floors 5-10,0.38,0,1,0,0,279,215,110,73.09,16,2942.85,6821.82,1.36,3.153
2026-07-01 01:00:00,future,4,Floors 1-4,Floors 5-10,0.38,0,1,0,0,221,226,87,59.61,10,3127.12,7668.58,1.428,3.502
2026-07-01 02:00:00,future,4,Floors 1-4,Floors 5-10,0.38,0,1,0,0,205,216,83,81.0,16,2884.02,6877.94,1.401,3.341
2026-07-01 03:00:00,future,4,Floors 1-4,Floors 5-10,0.38,0,1,0,0,236,202,96,57.46,16,2852.54,7250.07,1.384,3.517
2026-07-01 04:00:00,future,4,Floors 1-4,Floors 5-10,0.38,0,1,0,0,248,240,102,76.73,13,3165.78,6970.2,1.416,3.117
2026-07-01 05:00:00,future,4,Floors 1-4,Floors 5-10,0.38,0,1,0,0,225,179,92,70.04,14,3131.37,6698.57,1.437,3.075
2026-07-01 06:00:00,future,4,Floors 1-4,Floors 5-10,0.38,0,1,0,0,202,262,82,89.92,16,2877.74,6737.33,1.353,3.168
2026-07-01 07:00:00,future,4,Floors 1-4,Floors 5-10,0.38,0,1,0,0,217,215,89,59.41,18,2798.15,6527.8,1.336,3.116
2026-07-01 08:00:00,future,5,Floors 1-5,Floors 6-10,0.54,1,0,0,0,258,263,85,84.48,14,3180.74,6796.47,1.458,3.116
2026-07-01 09:00:00,future,6,Floors 1-6,Floors 7-10,0.54,1,0,0,0,341,253,77,92.55,15,3144.23,6480.07,1.433,2.953
2026-07-01 10:00:00,future,6,Floors 1-6,Floors 7-10,0.54,1,0,0,0,378,233,78,79.01,21,3145.58,6756.63,1.448,3.109
2026-07-01 11:00:00,future,6,Floors 1-6,Floors 7-10,0.54,1,0,0,0,369,205,80,95.0,17,3155.66,6988.91,1.462,3.238
2026-07-01 12:00:00,future,6,Floors 1-6,Floors 7-10,0.54,1,0,0,0,401,281,59,73.68,18,3319.41,6901.29,1.459,3.033
2026-07-01 13:00:00,future,6,Floors 1-6,Floors 7-10,0.54,1,0,0,0,396,236,80,86.43,12,3266.07,7435.42,1.422,3.237
2026-07-01 14:00:00,future,5,Floors 1-5,Floors 6-10,0.54,1,0,0,0,330,263,72,85.99,15,3122.64,7122.25,1.425,3.251
2026-07-01 15:00:00,future,6,Floors 1-6,Floors 7-10,0.54,1,0,0,0,365,273,71,86.74,15,3181.03,7215.48,1.421,3.224
2026-07-01 16:00:00,future,6,Floors 1-6,Floors 7-10,0.54,1,0,0,0,426,228,88,87.45,19,3290.24,7301.25,1.44,3.195
2026-07-01 17:00:00,future,6,Floors 1-6,Floors 7-10,0.54,1,0,0,0,426,229,58,74.31,14,3226.0,7428.47,1.438,3.311
2026-07-01 18:00:00,future,6,Floors 1-6,Floors 7-10,0.54,1,0,0,0,410,268,71,77.21,17,3288.27,7158.32,1.442,3.14
2026-07-01 19:00:00,future,5,Floors 1-5,Floors 6-10,0.54,1,0,0,0,362,281,102,92.74,16,2927.32,7057.89,1.441,3.474
2026-07-01 20:00:00,future,5,Floors 1-5,Floors 6-10,0.54,1,0,0,0,336,326,74,81.7,15,3153.64,7248.16,1.46,3.357
2026-07-01 21:00:00,future,5,Floors 1-5,Floors 6-10,0.54,1,0,0,0,290,276,69,79.61,15,2907.57,7058.59,1.382,3.356
2026-07-01 22:00:00,future,4,Floors 1-4,Floors 5-10,0.38,0,1,0,0,286,187,92,74.0,14,3004.04,6270.75,1.417,2.958
2026-07-01 23:00:00,future,4,Floors 1-4,Floors 5-10,0.38,0,1,0,0,244,193,78,76.04,14,2906.79,6595.31,1.349,3.062
2026-07-02 00:00:00,future,4,Floors 1-4,Floors 5-10,0.38,0,1,0,0,234,285,87,70.39,16,2924.33,6883.74,1.318,3.101
2026-07-02 01:00:00,future,4,Floors 1-4,Floors 5-10,0.38,0,1,0,0,225,169,68,82.02,17,2857.51,6869.55,1.352,3.249
2026-07-02 02:00:00,future,4,Floors 1-4,Floors 5-10,0.38,0,1,0,0,245,242,94,63.32,13,2998.59,6783.08,1.394,3.152
2026-07-02 03:00:00,future,4,Floors 1-4,Floors 5-10,0.38,0,1,0,0,224,225,89,61.81,16,2911.25,6532.47,1.404,3.151
2026-07-02 04:00:00,future,4,Floors 1-4,Floors 5-10,0.38,0,1,0,0,228,184,69,83.26,17,2808.74,6579.73,1.375,3.222
2026-07-02 05:00:00,future,4,Floors 1-4,Floors 5-10,0.38,0,1,0,0,267,278,75,82.44,16,2835.5,6534.05,1.369,3.154
2026-07-02 06:00:00,future,4,Floors 1-4,Floors 5-10,0.38,0,1,0,0,277,200,91,56.36,13,3060.92,6937.51,1.39,3.151
2026-07-02 07:00:00,future,4,Floors 1-4,Floors 5-10,0.38,0,1,0,0,269,204,75,82.5,12,3047.15,6638.51,1.396,3.041
2026-07-02 08:00:00,future,5,Floors 1-5,Floors 6-10,0.54,1,0,0,0,183,266,67,86.83,19,2851.89,6742.31,1.435,3.392
2026-07-02 09:00:00,future,6,Floors 1-6,Floors 7-10,0.54,1,0,0,0,367,299,50,78.42,16,3085.35,7472.66,1.434,3.473
2026-07-02 10:00:00,future,6,Floors 1-6,Floors 7-10,0.54,1,0,0,0,351,260,63,86.36,16,3049.74,6792.37,1.414,3.15
2026-07-02 11:00:00,future,5,Floors 1-5,Floors 6-10,0.54,1,0,0,0,357,325,58,92.66,15,3240.25,7054.14,1.439,3.132
2026-07-02 12:00:00,future,6,Floors 1-6,Floors 7-10,0.54,1,0,0,0,383,219,98,79.65,14,3325.22,7397.79,1.445,3.215
2026-07-02 13:00:00,future,6,Floors 1-6,Floors 7-10,0.54,1,0,0,0,377,310,96,84.47,17,3227.21,7291.61,1.458,3.295
2026-07-02 14:00:00,future,5,Floors 1-5,Floors 6-10,0.54,1,0,0,0,369,283,83,75.51,18,2953.04,6532.51,1.4,3.096
2026-07-02 15:00:00,future,6,Floors 1-6,Floors 7-10,0.54,1,0,0,0,392,299,74,87.07,17,3185.04,6844.66,1.399,3.006
2026-07-02 16:00:00,future,6,Floors 1-6,Floors 7-10,0.54,1,0,0,0,417,303,62,83.96,18,3311.69,6839.1,1.433,2.958
2026-07-02 17:00:00,future,6,Floors 1-6,Floors 7-10,0.54,1,0,0,0,430,287,79,93.19,18,3138.99,7143.56,1.453,3.307
2026-07-02 18:00:00,future,6,Floors 1-6,Floors 7-10,0.54,1,0,0,0,399,257,54,70.31,18,3235.75,7152.99,1.459,3.226
2026-07-02 19:00:00,future,5,Floors 1-5,Floors 6-10,0.54,1,0,0,0,297,241,71,82.38,16,2988.34,6839.3,1.428,3.268
2026-07-02 20:00:00,future,5,Floors 1-5,Floors 6-10,0.54,1,0,0,0,261,249,74,65.08,15,3036.84,7233.61,1.426,3.398
2026-07-02 21:00:00,future,5,Floors 1-5,Floors 6-10,0.54,1,0,0,0,315,244,65,76.67,14,3208.54,6814.47,1.425,3.026
2026-07-02 22:00:00,future,4,Floors 1-4,Floors 5-10,0.38,0,1,0,0,242,176,81,85.39,14,3153.58,7166.28,1.421,3.23
2026-07-02 23:00:00,future,4,Floors 1-4,Floors 5-10,0.38,0,1,0,0,243,199,73,71.68,14,2977.61,7059.96,1.353,3.207
2026-07-03 00:00:00,future,4,Floors 1-4,Floors 5-10,0.38,0,1,0,0,248,257,90,71.12,14,2986.58,6825.5,1.363,3.116
2026-07-03 01:00:00,future,4,Floors 1-4,Floors 5-10,0.38,0,1,0,0,174,191,88,68.79,16,2918.34,7396.59,1.381,3.5
2026-07-03 02:00:00,future,4,Floors 1-4,Floors 5-10,0.38,0,1,0,0,247,184,90,76.71,15,3132.39,6219.51,1.392,2.763
2026-07-03 03:00:00,future,4,Floors 1-4,Floors 5-10,0.38,0,1,0,0,262,186,79,61.23,15,2835.04,6260.36,1.394,3.078
2026-07-03 04:00:00,future,4,Floors 1-4,Floors 5-10,0.38,0,1,0,0,223,198,83,82.84,17,3057.57,6617.34,1.41,3.052
2026-07-03 05:00:00,future,4,Floors 1-4,Floors 5-10,0.38,0,1,0,0,262,175,83,72.16,18,2856.46,6690.82,1.385,3.244
2026-07-03 06:00:00,future,4,Floors 1-4,Floors 5-10,0.38,0,1,0,0,226,266,93,72.87,17,3157.61,6746.06,1.423,3.041
2026-07-03 07:00:00,future,4,Floors 1-4,Floors 5-10,0.38,0,1,0,0,248,245,93,59.88,18,3048.65,7031.94,1.374,3.17
2026-07-03 08:00:00,future,5,Floors 1-5,Floors 6-10,0.54,1,0,0,0,276,264,83,78.85,10,2990.69,7086.47,1.425,3.376
2026-07-03 09:00:00,future,6,Floors 1-6,Floors 7-10,0.54,1,0,0,0,407,252,72,77.47,14,3210.01,7418.21,1.446,3.342
2026-07-03 10:00:00,future,5,Floors 1-5,Floors 6-10,0.54,1,0,0,0,357,264,60,68.79,14,3244.55,6899.91,1.454,3.093
2026-07-03 11:00:00,future,6,Floors 1-6,Floors 7-10,0.54,1,0,0,0,390,284,57,77.98,16,3260.48,7317.35,1.426,3.201
2026-07-03 12:00:00,future,6,Floors 1-6,Floors 7-10,0.54,1,0,0,0,401,249,55,72.31,16,3299.74,7359.33,1.479,3.299
2026-07-03 13:00:00,future,5,Floors 1-5,Floors 6-10,0.54,1,0,0,0,400,373,64,76.37,16,3440.27,7473.66,1.504,3.268
2026-07-03 14:00:00,future,6,Floors 1-6,Floors 7-10,0.54,1,0,0,0,411,302,72,77.56,17,3250.98,7115.95,1.466,3.21
2026-07-03 15:00:00,future,6,Floors 1-6,Floors 7-10,0.54,1,0,0,0,397,256,63,86.38,16,3173.03,6605.6,1.45,3.018
2026-07-03 16:00:00,future,6,Floors 1-6,Floors 7-10,0.54,1,0,0,0,352,291,66,74.57,16,3080.57,7143.99,1.44,3.34
2026-07-03 17:00:00,future,6,Floors 1-6,Floors 7-10,0.54,1,0,0,0,429,200,74,82.08,16,3014.99,6986.52,1.369,3.172
2026-07-03 18:00:00,future,6,Floors 1-6,Floors 7-10,0.54,1,0,0,0,400,280,106,74.92,17,3311.51,7115.49,1.469,3.157
2026-07-03 19:00:00,future,5,Floors 1-5,Floors 6-10,0.54,1,0,0,0,301,335,84,84.89,14,3104.52,7028.59,1.433,3.244
2026-07-03 20:00:00,future,6,Floors 1-6,Floors 7-10,0.54,1,0,0,0,312,297,78,85.4,15,3223.81,6908.61,1.443,3.092
2026-07-03 21:00:00,future,5,Floors 1-5,Floors 6-10,0.54,1,0,0,0,261,306,71,88.97,14,3068.02,6645.86,1.475,3.195
2026-07-03 22:00:00,future,4,Floors 1-4,Floors 5-10,0.38,0,1,0,0,286,242,91,79.19,17,2887.45,7453.65,1.357,3.503
2026-07-03 23:00:00,future,4,Floors 1-4,Floors 5-10,0.38,0,1,0,0,226,183,84,71.27,14,2886.6,7022.73,1.348,3.28
2026-07-04 00:00:00,future,4,Floors 1-4,Floors 5-10,0.342,0,1,1,0,180,283,87,65.39,16,3061.83,6895.11,1.409,3.172
2026-07-04 01:00:00,future,4,Floors 1-4,Floors 5-10,0.342,0,1,1,0,225,296,85,71.53,16,2991.73,6730.63,1.381,3.107
2026-07-04 02:00:00,future,4,Floors 1-4,Floors 5-10,0.342,0,1,1,0,204,319,92,73.9,13,3350.85,6886.34,1.469,3.018
2026-07-04 03:00:00,future,4,Floors 1-4,Floors 5-10,0.342,0,1,1,0,183,329,100,77.03,16,3135.07,7130.97,1.386,3.152
2026-07-04 04:00:00,future,4,Floors 1-4,Floors 5-10,0.342,0,1,1,0,175,297,96,78.56,11,2776.29,6457.3,1.31,3.046
2026-07-04 05:00:00,future,4,Floors 1-4,Floors 5-10,0.342,0,1,1,0,205,322,92,79.91,14,3007.23,6479.26,1.39,2.994
2026-07-04 06:00:00,future,4,Floors 1-4,Floors 5-10,0.342,0,1,1,0,174,248,87,75.63,13,2734.12,6396.57,1.357,3.175
2026-07-04 07:00:00,future,4,Floors 1-4,Floors 5-10,0.342,0,1,1,0,188,285,87,86.23,16,2936.16,6589.47,1.349,3.027
2026-07-04 08:00:00,future,5,Floors 1-5,Floors 6-10,0.486,1,0,1,0,230,331,94,95.0,14,2932.13,6949.35,1.438,3.407
2026-07-04 09:00:00,future,5,Floors 1-5,Floors 6-10,0.486,1,0,1,0,306,410,81,80.6,14,3356.9,6782.09,1.469,2.968
2026-07-04 10:00:00,future,5,Floors 1-5,Floors 6-10,0.486,1,0,1,0,334,412,72,83.66,17,2993.72,6902.99,1.393,3.212
2026-07-04 11:00:00,future,5,Floors 1-5,Floors 6-10,0.486,1,0,1,0,341,347,109,95.0,16,3240.38,7064.01,1.463,3.188
2026-07-04 12:00:00,future,5,Floors 1-5,Floors 6-10,0.486,1,0,1,0,372,318,75,93.76,14,3250.97,6937.51,1.444,3.081
2026-07-04 13:00:00,future,5,Floors 1-5,Floors 6-10,0.486,1,0,1,0,359,296,48,85.6,12,3224.38,6795.02,1.424,3.001
2026-07-04 14:00:00,future,6,Floors 1-6,Floors 7-10,0.486,1,0,1,0,378,289,84,88.87,16,3077.54,7244.1,1.41,3.318
2026-07-04 15:00:00,future,5,Floors 1-5,Floors 6-10,0.486,1,0,1,0,371,308,84,90.67,17,3166.9,6968.57,1.352,2.974
2026-07-04 16:00:00,future,5,Floors 1-5,Floors 6-10,0.486,1,0,1,0,403,297,91,76.84,15,3106.26,7443.03,1.45,3.475
2026-07-04 17:00:00,future,5,Floors 1-5,Floors 6-10,0.486,1,0,1,0,384,344,83,79.81,18,3268.7,6854.62,1.422,2.983
2026-07-04 18:00:00,future,5,Floors 1-5,Floors 6-10,0.486,1,0,1,0,372,344,70,95.0,19,3266.71,7322.2,1.441,3.23
2026-07-04 19:00:00,future,5,Floors 1-5,Floors 6-10,0.486,1,0,1,0,313,291,101,88.9,15,2880.27,7061.02,1.406,3.446
2026-07-04 20:00:00,future,5,Floors 1-5,Floors 6-10,0.486,1,0,1,0,291,282,65,80.29,15,3070.91,6659.76,1.412,3.062
2026-07-04 21:00:00,future,5,Floors 1-5,Floors 6-10,0.486,1,0,1,0,238,336,64,93.33,13,3087.7,6816.01,1.442,3.184
2026-07-04 22:00:00,future,4,Floors 1-4,Floors 5-10,0.342,0,1,1,0,237,204,84,67.34,15,3197.27,7358.4,1.418,3.264
2026-07-04 23:00:00,future,4,Floors 1-4,Floors 5-10,0.342,0,1,1,0,175,276,87,76.53,13,2924.46,6825.56,1.345,3.138
2026-07-05 00:00:00,future,4,Floors 1-4,Floors 5-10,0.342,0,1,1,0,242,288,112,89.23,16,2915.31,6798.94,1.411,3.292
2026-07-05 01:00:00,future,4,Floors 1-4,Floors 5-10,0.342,0,1,1,0,244,251,77,83.78,13,2884.39,6817.26,1.309,3.094
2026-07-05 02:00:00,future,4,Floors 1-4,Floors 5-10,0.342,0,1,1,0,154,300,82,76.18,15,3052.16,6755.74,1.422,3.147
2026-07-05 03:00:00,future,4,Floors 1-4,Floors 5-10,0.342,0,1,1,0,232,278,87,50.95,12,2991.4,6469.4,1.412,3.054
2026-07-05 04:00:00,future,4,Floors 1-4,Floors 5-10,0.342,0,1,1,0,217,345,88,86.55,12,3044.91,7122.53,1.388,3.248
2026-07-05 05:00:00,future,4,Floors 1-4,Floors 5-10,0.342,0,1,1,0,181,322,77,63.83,18,2928.75,6494.63,1.366,3.029
2026-07-05 06:00:00,future,4,Floors 1-4,Floors 5-10,0.342,0,1,1,0,141,283,75,68.92,17,2637.96,6452.35,1.354,3.311
2026-07-05 07:00:00,future,4,Floors 1-4,Floors 5-10,0.342,0,1,1,0,194,244,79,78.08,15,2894.56,6747.51,1.428,3.329
2026-07-05 08:00:00,future,5,Floors 1-5,Floors 6-10,0.486,1,0,1,0,227,320,79,95.0,16,3038.39,7275.37,1.428,3.418
2026-07-05 09:00:00,future,5,Floors 1-5,Floors 6-10,0.486,1,0,1,0,344,392,83,92.57,20,3118.44,6954.49,1.417,3.161
2026-07-05 10:00:00,future,5,Floors 1-5,Floors 6-10,0.486,1,0,1,0,325,264,83,80.93,18,3007.19,6772.3,1.391,3.134
2026-07-05 11:00:00,future,5,Floors 1-5,Floors 6-10,0.486,1,0,1,0,316,360,66,83.67,16,3053.77,6976.14,1.405,3.21
2026-07-05 12:00:00,future,5,Floors 1-5,Floors 6-10,0.486,1,0,1,0,403,330,93,84.65,18,3169.01,7367.85,1.432,3.33
2026-07-05 13:00:00,future,5,Floors 1-5,Floors 6-10,0.486,1,0,1,0,346,324,73,91.61,16,3157.76,7471.34,1.366,3.233
2026-07-05 14:00:00,future,5,Floors 1-5,Floors 6-10,0.486,1,0,1,0,397,305,55,92.27,15,3068.18,7041.44,1.399,3.211
2026-07-05 15:00:00,future,5,Floors 1-5,Floors 6-10,0.486,1,0,1,0,409,376,88,72.66,15,3073.36,7563.56,1.376,3.385
2026-07-05 16:00:00,future,5,Floors 1-5,Floors 6-10,0.486,1,0,1,0,356,316,86,84.68,17,2900.28,6933.88,1.364,3.261
2026-07-05 17:00:00,future,5,Floors 1-5,Floors 6-10,0.486,1,0,1,0,314,296,82,80.14,13,3234.1,6944.91,1.428,3.066
2026-07-05 18:00:00,future,5,Floors 1-5,Floors 6-10,0.486,1,0,1,0,323,404,82,88.28,13,3107.83,6653.81,1.409,3.016
2026-07-05 19:00:00,future,5,Floors 1-5,Floors 6-10,0.486,1,0,1,0,311,315,60,94.51,12,3312.54,7412.58,1.471,3.292
2026-07-05 20:00:00,future,5,Floors 1-5,Floors 6-10,0.486,1,0,1,0,285,318,70,92.9,10,3218.34,7124.21,1.454,3.218
2026-07-05 21:00:00,future,5,Floors 1-5,Floors 6-10,0.486,1,0,1,0,285,320,88,95.0,17,3016.82,7438.24,1.504,3.708
2026-07-05 22:00:00,future,4,Floors 1-4,Floors 5-10,0.342,0,1,1,0,266,288,97,79.84,14,2790.73,6900.96,1.348,3.333
2026-07-05 23:00:00,future,4,Floors 1-4,Floors 5-10,0.342,0,1,1,0,206,356,81,63.52,15,3052.08,6922.29,1.399,3.173
2026-07-06 00:00:00,future,4,Floors 1-4,Floors 5-10,0.38,0,1,0,0,269,224,83,75.4,17,2958.13,6458.97,1.312,2.865
2026-07-06 01:00:00,future,4,Floors 1-4,Floors 5-10,0.38,0,1,0,0,257,227,80,69.75,13,3005.29,6956.15,1.403,3.247
2026-07-06 02:00:00,future,4,Floors 1-4,Floors 5-10,0.38,0,1,0,0,253,204,87,67.71,15,3096.72,6562.86,1.43,3.031
2026-07-06 03:00:00,future,4,Floors 1-4,Floors 5-10,0.38,0,1,0,0,204,172,100,67.2,10,2843.51,7017.08,1.378,3.402
2026-07-06 04:00:00,future,4,Floors 1-4,Floors 5-10,0.38,0,1,0,0,219,192,89,76.97,15,2680.26,6742.97,1.327,3.338
2026-07-06 05:00:00,future,4,Floors 1-4,Floors 5-10,0.38,0,1,0,0,258,242,98,85.99,13,3093.5,7051.23,1.391,3.171
2026-07-06 06:00:00,future,4,Floors 1-4,Floors 5-10,0.38,0,1,0,0,245,182,93,61.6,15,2996.91,6995.38,1.421,3.317
2026-07-06 07:00:00,future,4,Floors 1-4,Floors 5-10,0.38,0,1,0,0,224,168,109,66.76,14,2904.11,7075.94,1.413,3.443
2026-07-06 08:00:00,future,5,Floors 1-5,Floors 6-10,0.54,1,0,0,0,181,232,76,76.2,13,3085.29,6393.27,1.433,2.969
2026-07-06 09:00:00,future,6,Floors 1-6,Floors 7-10,0.54,1,0,0,0,422,255,65,79.53,16,3177.65,7279.72,1.417,3.247
2026-07-06 10:00:00,future,6,Floors 1-6,Floors 7-10,0.54,1,0,0,0,391,194,65,83.65,15,3194.39,7539.43,1.417,3.345
2026-07-06 11:00:00,future,6,Floors 1-6,Floors 7-10,0.54,1,0,0,0,365,268,62,76.89,17,3221.12,7420.88,1.459,3.36
2026-07-06 12:00:00,future,6,Floors 1-6,Floors 7-10,0.54,1,0,0,0,372,257,71,87.04,15,3237.65,6672.57,1.475,3.04
2026-07-06 13:00:00,future,6,Floors 1-6,Floors 7-10,0.54,1,0,0,0,370,200,93,82.18,14,3019.55,7824.06,1.426,3.695
2026-07-06 14:00:00,future,6,Floors 1-6,Floors 7-10,0.54,1,0,0,0,421,269,65,85.98,12,3367.02,7664.58,1.483,3.376
2026-07-06 15:00:00,future,6,Floors 1-6,Floors 7-10,0.54,1,0,0,0,409,267,92,78.35,17,3189.51,7814.24,1.39,3.406
2026-07-06 16:00:00,future,6,Floors 1-6,Floors 7-10,0.54,1,0,0,0,363,257,55,90.16,16,2962.63,6873.41,1.417,3.287
2026-07-06 17:00:00,future,6,Floors 1-6,Floors 7-10,0.54,1,0,0,0,435,308,67,75.47,17,2990.5,6815.9,1.4,3.191
2026-07-06 18:00:00,future,6,Floors 1-6,Floors 7-10,0.54,1,0,0,0,396,313,87,90.63,14,3065.06,7271.84,1.429,3.391
2026-07-06 19:00:00,future,5,Floors 1-5,Floors 6-10,0.54,1,0,0,0,316,277,88,93.26,12,3324.43,7302.13,1.471,3.232
2026-07-06 20:00:00,future,5,Floors 1-5,Floors 6-10,0.54,1,0,0,0,296,294,86,84.95,15,3107.13,7119.68,1.422,3.259
2026-07-06 21:00:00,future,5,Floors 1-5,Floors 6-10,0.54,1,0,0,0,295,279,68,92.33,13,3181.03,7315.0,1.452,3.339
2026-07-06 22:00:00,future,4,Floors 1-4,Floors 5-10,0.38,0,1,0,0,223,203,82,74.28,12,2907.86,7129.34,1.365,3.348
2026-07-06 23:00:00,future,4,Floors 1-4,Floors 5-10,0.38,0,1,0,0,259,252,74,65.46,11,2986.14,6698.64,1.389,3.117
2026-07-07 00:00:00,future,4,Floors 1-4,Floors 5-10,0.323,0,1,0,1,185,310,79,76.26,13,3077.29,6860.3,1.401,3.124
2026-07-07 01:00:00,future,3,Floors 1-3,Floors 4-10,0.323,0,1,0,1,157,282,90,68.46,17,2989.61,6736.39,1.405,3.167
2026-07-07 02:00:00,future,3,Floors 1-3,Floors 4-10,0.323,0,1,0,1,170,310,58,74.03,14,2989.95,6752.95,1.383,3.124
2026-07-07 03:00:00,future,4,Floors 1-4,Floors 5-10,0.323,0,1,0,1,189,258,49,80.84,16,3053.41,6974.54,1.385,3.164
2026-07-07 04:00:00,future,4,Floors 1-4,Floors 5-10,0.323,0,1,0,1,205,255,82,81.05,15,2949.72,6756.35,1.388,3.178
2026-07-07 05:00:00,future,4,Floors 1-4,Floors 5-10,0.323,0,1,0,1,200,244,80,76.87,13,3101.1,6608.58,1.361,2.901
2026-07-07 06:00:00,future,4,Floors 1-4,Floors 5-10,0.323,0,1,0,1,251,271,94,76.78,13,3058.54,6679.75,1.395,3.047
2026-07-07 07:00:00,future,3,Floors 1-3,Floors 4-10,0.323,0,1,0,1,179,381,98,81.88,13,2938.72,6767.26,1.422,3.274
2026-07-07 08:00:00,future,5,Floors 1-5,Floors 6-10,0.459,1,0,0,1,187,323,70,79.2,12,3003.27,7251.33,1.414,3.415
2026-07-07 09:00:00,future,5,Floors 1-5,Floors 6-10,0.459,1,0,0,1,331,282,89,88.77,17,3113.62,6822.95,1.424,3.121
2026-07-07 10:00:00,future,5,Floors 1-5,Floors 6-10,0.459,1,0,0,1,318,325,73,78.61,13,3187.17,7413.24,1.459,3.395
2026-07-07 11:00:00,future,5,Floors 1-5,Floors 6-10,0.459,1,0,0,1,378,363,80,79.59,19,3093.08,6916.23,1.413,3.16
2026-07-07 12:00:00,future,5,Floors 1-5,Floors 6-10,0.459,1,0,0,1,330,344,68,85.72,14,3268.31,7074.01,1.442,3.121
2026-07-07 13:00:00,future,5,Floors 1-5,Floors 6-10,0.459,1,0,0,1,401,328,81,86.55,18,3327.23,7449.33,1.422,3.185
2026-07-07 14:00:00,future,5,Floors 1-5,Floors 6-10,0.459,1,0,0,1,370,331,71,81.11,17,3244.67,7265.51,1.461,3.272
2026-07-07 15:00:00,future,5,Floors 1-5,Floors 6-10,0.459,1,0,0,1,348,307,92,71.75,18,3099.92,6852.92,1.398,3.09
2026-07-07 16:00:00,future,5,Floors 1-5,Floors 6-10,0.459,1,0,0,1,382,364,88,74.24,18,3270.88,7042.99,1.449,3.12
2026-07-07 17:00:00,future,5,Floors 1-5,Floors 6-10,0.459,1,0,0,1,294,266,93,73.6,16,2994.9,6884.82,1.458,3.353
2026-07-07 18:00:00,future,5,Floors 1-5,Floors 6-10,0.459,1,0,0,1,363,305,62,67.25,17,3124.65,7044.79,1.442,3.251
2026-07-07 19:00:00,future,5,Floors 1-5,Floors 6-10,0.459,1,0,0,1,280,284,81,77.56,16,2753.36,6462.06,1.414,3.318
2026-07-07 20:00:00,future,5,Floors 1-5,Floors 6-10,0.459,1,0,0,1,288,314,57,74.9,16,3234.5,7259.1,1.469,3.296
2026-07-07 21:00:00,future,5,Floors 1-5,Floors 6-10,0.459,1,0,0,1,226,302,74,83.77,12,2960.16,7552.58,1.39,3.547
2026-07-07 22:00:00,future,4,Floors 1-4,Floors 5-10,0.323,0,1,0,1,202,266,99,61.44,14,3053.23,6969.86,1.42,3.241
2026-07-07 23:00:00,future,4,Floors 1-4,Floors 5-10,0.323,0,1,0,1,189,291,97,72.57,14,2895.61,6664.2,1.36,3.129
2026-07-08 00:00:00,future,4,Floors 1-4,Floors 5-10,0.38,0,1,0,0,255,174,68,71.07,14,3034.5,6683.08,1.428,3.146
2026-07-08 01:00:00,future,4,Floors 1-4,Floors 5-10,0.38,0,1,0,0,230,161,72,67.88,15,2765.41,6740.78,1.355,3.302
2026-07-08 02:00:00,future,4,Floors 1-4,Floors 5-10,0.38,0,1,0,0,267,229,85,79.21,14,2947.92,7429.66,1.418,3.575
2026-07-08 03:00:00,future,4,Floors 1-4,Floors 5-10,0.38,0,1,0,0,211,173,75,61.8,13,2963.27,7437.64,1.386,3.479
2026-07-08 04:00:00,future,4,Floors 1-4,Floors 5-10,0.38,0,1,0,0,213,183,80,69.01,15,3023.33,6905.74,1.451,3.314
2026-07-08 05:00:00,future,4,Floors 1-4,Floors 5-10,0.38,0,1,0,0,200,229,79,80.3,14,2826.34,7227.37,1.377,3.521
2026-07-08 06:00:00,future,4,Floors 1-4,Floors 5-10,0.38,0,1,0,0,236,274,88,67.31,14,2996.57,7302.15,1.312,3.197
2026-07-08 07:00:00,future,4,Floors 1-4,Floors 5-10,0.38,0,1,0,0,278,225,71,76.2,14,3063.94,6409.42,1.436,3.003
2026-07-08 08:00:00,future,5,Floors 1-5,Floors 6-10,0.54,1,0,0,0,280,256,65,86.89,16,2961.46,7157.61,1.378,3.331
2026-07-08 09:00:00,future,6,Floors 1-6,Floors 7-10,0.54,1,0,0,0,355,237,69,69.26,16,2896.65,6446.04,1.368,3.044
2026-07-08 10:00:00,future,5,Floors 1-5,Floors 6-10,0.54,1,0,0,0,350,237,99,81.94,17,3294.13,7111.07,1.471,3.175
2026-07-08 11:00:00,future,6,Floors 1-6,Floors 7-10,0.54,1,0,0,0,407,300,88,73.9,19,3374.31,7073.51,1.463,3.067
2026-07-08 12:00:00,future,6,Floors 1-6,Floors 7-10,0.54,1,0,0,0,382,263,82,77.33,18,3177.56,7170.77,1.435,3.238
2026-07-08 13:00:00,future,5,Floors 1-5,Floors 6-10,0.54,1,0,0,0,359,301,56,67.78,20,3080.95,6630.88,1.426,3.068
2026-07-08 14:00:00,future,6,Floors 1-6,Floors 7-10,0.54,1,0,0,0,402,294,86,91.8,20,3230.4,7102.84,1.42,3.123
2026-07-08 15:00:00,future,6,Floors 1-6,Floors 7-10,0.54,1,0,0,0,436,299,71,95.0,17,3300.16,7301.96,1.429,3.163
2026-07-08 16:00:00,future,6,Floors 1-6,Floors 7-10,0.54,1,0,0,0,417,253,64,72.88,17,3088.73,6817.13,1.444,3.187
2026-07-08 17:00:00,future,6,Floors 1-6,Floors 7-10,0.54,1,0,0,0,413,250,61,77.44,12,3108.99,6356.06,1.43,2.924
2026-07-08 18:00:00,future,6,Floors 1-6,Floors 7-10,0.54,1,0,0,0,430,294,68,59.87,15,3216.15,7195.02,1.414,3.164
2026-07-08 19:00:00,future,5,Floors 1-5,Floors 6-10,0.54,1,0,0,0,330,258,84,90.0,16,3130.24,6562.73,1.442,3.022
2026-07-08 20:00:00,future,5,Floors 1-5,Floors 6-10,0.54,1,0,0,0,291,211,91,93.08,18,2939.94,7175.39,1.395,3.405
2026-07-08 21:00:00,future,5,Floors 1-5,Floors 6-10,0.54,1,0,0,0,333,224,69,86.52,11,3200.38,7394.06,1.481,3.423
2026-07-08 22:00:00,future,4,Floors 1-4,Floors 5-10,0.38,0,1,0,0,240,236,69,69.42,16,2999.9,6859.61,1.363,3.116
2026-07-08 23:00:00,future,4,Floors 1-4,Floors 5-10,0.38,0,1,0,0,251,243,87,86.3,14,3129.26,6745.39,1.394,3.006
2026-07-09 00:00:00,future,5,Floors 1-5,Floors 6-10,0.38,0,1,0,0,283,226,83,69.66,15,3008.82,6901.28,1.409,3.232
2026-07-09 01:00:00,future,4,Floors 1-4,Floors 5-10,0.38,0,1,0,0,204,217,103,65.17,15,2938.63,6145.78,1.429,2.989
2026-07-09 02:00:00,future,4,Floors 1-4,Floors 5-10,0.38,0,1,0,0,199,197,97,78.01,14,2741.18,6606.71,1.373,3.309
2026-07-09 03:00:00,future,4,Floors 1-4,Floors 5-10,0.38,0,1,0,0,257,233,73,78.09,16,2906.22,7000.76,1.373,3.308
2026-07-09 04:00:00,future,4,Floors 1-4,Floors 5-10,0.38,0,1,0,0,222,184,86,75.66,15,2947.0,6390.88,1.39,3.014
2026-07-09 05:00:00,future,4,Floors 1-4,Floors 5-10,0.38,0,1,0,0,214,182,88,70.97,18,2858.05,6420.01,1.388,3.117
2026-07-09 06:00:00,future,4,Floors 1-4,Floors 5-10,0.38,0,1,0,0,223,217,99,73.52,15,2953.55,6687.21,1.42,3.215
2026-07-09 07:00:00,future,4,Floors 1-4,Floors 5-10,0.38,0,1,0,0,266,237,72,75.44,14,2799.07,6440.01,1.396,3.212
2026-07-09 08:00:00,future,5,Floors 1-5,Floors 6-10,0.54,1,0,0,0,244,282,79,93.06,17,3095.6,6918.45,1.459,3.26
2026-07-09 09:00:00,future,5,Floors 1-5,Floors 6-10,0.54,1,0,0,0,374,272,77,91.66,18,2975.72,6630.41,1.372,3.058
2026-07-09 10:00:00,future,6,Floors 1-6,Floors 7-10,0.54,1,0,0,0,400,173,77,85.62,15,3119.93,6719.04,1.444,3.11
2026-07-09 11:00:00,future,6,Floors 1-6,Floors 7-10,0.54,1,0,0,0,416,265,74,80.87,17,2999.42,7014.22,1.419,3.318
2026-07-09 12:00:00,future,6,Floors 1-6,Floors 7-10,0.54,1,0,0,0,400,313,84,74.7,19,3289.95,7425.74,1.429,3.225
2026-07-09 13:00:00,future,6,Floors 1-6,Floors 7-10,0.54,1,0,0,0,403,242,64,92.07,16,3154.83,7059.92,1.473,3.297
2026-07-09 14:00:00,future,5,Floors 1-5,Floors 6-10,0.54,1,0,0,0,365,283,75,92.78,20,2915.7,6744.17,1.365,3.158
2026-07-09 15:00:00,future,6,Floors 1-6,Floors 7-10,0.54,1,0,0,0,471,263,85,87.68,16,3286.19,6943.31,1.407,2.973
2026-07-09 16:00:00,future,6,Floors 1-6,Floors 7-10,0.54,1,0,0,0,371,275,66,77.6,18,3036.5,7006.27,1.429,3.297
2026-07-09 17:00:00,future,5,Floors 1-5,Floors 6-10,0.54,1,0,0,0,319,287,68,74.56,18,3182.37,7459.06,1.493,3.5
2026-07-09 18:00:00,future,6,Floors 1-6,Floors 7-10,0.54,1,0,0,0,403,228,82,79.91,15,3285.47,7187.01,1.467,3.21
2026-07-09 19:00:00,future,5,Floors 1-5,Floors 6-10,0.54,1,0,0,0,285,252,66,65.09,11,2917.84,7228.03,1.406,3.484
2026-07-09 20:00:00,future,6,Floors 1-6,Floors 7-10,0.54,1,0,0,0,354,219,69,73.59,16,3213.51,6742.76,1.406,2.95
2026-07-09 21:00:00,future,5,Floors 1-5,Floors 6-10,0.54,1,0,0,0,337,217,65,65.73,16,3182.95,7188.56,1.462,3.302
2026-07-09 22:00:00,future,4,Floors 1-4,Floors 5-10,0.38,0,1,0,0,210,158,68,76.19,15,3001.05,6812.04,1.402,3.182
2026-07-09 23:00:00,future,4,Floors 1-4,Floors 5-10,0.38,0,1,0,0,233,272,90,81.8,15,2985.6,6631.41,1.367,3.037
2026-07-10 00:00:00,future,4,Floors 1-4,Floors 5-10,0.38,0,1,0,0,303,209,93,86.62,17,2881.93,6845.95,1.379,3.276
2026-07-10 01:00:00,future,4,Floors 1-4,Floors 5-10,0.38,0,1,0,0,221,201,82,74.7,13,2897.7,6558.99,1.35,3.056
2026-07-10 02:00:00,future,4,Floors 1-4,Floors 5-10,0.38,0,1,0,0,187,213,89,62.53,16,2888.66,6573.92,1.4,3.187
2026-07-10 03:00:00,future,4,Floors 1-4,Floors 5-10,0.38,0,1,0,0,262,280,84,59.9,17,2866.04,6715.57,1.386,3.247
2026-07-10 04:00:00,future,4,Floors 1-4,Floors 5-10,0.38,0,1,0,0,291,187,78,75.66,13,2845.92,6735.85,1.34,3.172
2026-07-10 05:00:00,future,4,Floors 1-4,Floors 5-10,0.38,0,1,0,0,278,250,99,74.44,11,3101.21,6672.66,1.423,3.062
2026-07-10 06:00:00,future,4,Floors 1-4,Floors 5-10,0.38,0,1,0,0,230,234,85,69.43,14,2955.31,6922.84,1.384,3.243
2026-07-10 07:00:00,future,4,Floors 1-4,Floors 5-10,0.38,0,1,0,0,264,211,61,72.79,14,3016.86,6839.24,1.401,3.175
2026-07-10 08:00:00,future,5,Floors 1-5,Floors 6-10,0.54,1,0,0,0,289,262,90,82.84,16,3206.1,6863.09,1.491,3.192
2026-07-10 09:00:00,future,6,Floors 1-6,Floors 7-10,0.54,1,0,0,0,374,285,79,72.7,16,3035.87,7018.32,1.408,3.256
2026-07-10 10:00:00,future,5,Floors 1-5,Floors 6-10,0.54,1,0,0,0,325,207,42,71.21,18,3000.41,7607.36,1.409,3.572
2026-07-10 11:00:00,future,5,Floors 1-5,Floors 6-10,0.54,1,0,0,0,320,303,66,68.36,14,2930.46,6479.07,1.452,3.211
2026-07-10 12:00:00,future,6,Floors 1-6,Floors 7-10,0.54,1,0,0,0,383,234,69,82.64,21,3074.14,6987.74,1.442,3.278
2026-07-10 13:00:00,future,5,Floors 1-5,Floors 6-10,0.54,1,0,0,0,352,246,80,87.51,15,3051.24,7553.67,1.402,3.472
2026-07-10 14:00:00,future,6,Floors 1-6,Floors 7-10,0.54,1,0,0,0,355,256,72,95.0,16,3082.59,6973.38,1.377,3.116
2026-07-10 15:00:00,future,6,Floors 1-6,Floors 7-10,0.54,1,0,0,0,439,329,75,80.99,13,3389.91,7461.51,1.454,3.201
2026-07-10 16:00:00,future,6,Floors 1-6,Floors 7-10,0.54,1,0,0,0,389,271,72,75.66,18,3122.29,7346.94,1.412,3.324
2026-07-10 17:00:00,future,6,Floors 1-6,Floors 7-10,0.54,1,0,0,0,377,286,77,75.18,18,3315.99,6890.7,1.452,3.017
2026-07-10 18:00:00,future,6,Floors 1-6,Floors 7-10,0.54,1,0,0,0,379,297,80,75.44,17,3097.71,7258.28,1.439,3.371
2026-07-10 19:00:00,future,5,Floors 1-5,Floors 6-10,0.54,1,0,0,0,342,344,79,69.57,12,3142.34,7102.27,1.409,3.186
2026-07-10 20:00:00,future,5,Floors 1-5,Floors 6-10,0.54,1,0,0,0,271,285,71,90.24,11,2867.85,7361.6,1.396,3.583
2026-07-10 21:00:00,future,5,Floors 1-5,Floors 6-10,0.54,1,0,0,0,287,284,60,86.25,16,3199.34,6842.13,1.488,3.183
2026-07-10 22:00:00,future,4,Floors 1-4,Floors 5-10,0.38,0,1,0,0,270,205,89,80.28,10,2925.32,7187.67,1.356,3.333
2026-07-10 23:00:00,future,4,Floors 1-4,Floors 5-10,0.38,0,1,0,0,262,256,87,71.79,14,3077.29,6914.41,1.368,3.073
2026-07-11 00:00:00,future,4,Floors 1-4,Floors 5-10,0.342,0,1,1,0,259,246,85,95.0,17,2847.41,7239.9,1.36,3.458
2026-07-11 01:00:00,future,4,Floors 1-4,Floors 5-10,0.342,0,1,1,0,263,309,96,81.73,17,3073.83,6945.25,1.363,3.079
2026-07-11 02:00:00,future,4,Floors 1-4,Floors 5-10,0.342,0,1,1,0,202,312,68,75.09,14,3065.93,7058.97,1.415,3.258
2026-07-11 03:00:00,future,4,Floors 1-4,Floors 5-10,0.342,0,1,1,0,166,315,78,80.21,16,2996.49,6890.07,1.405,3.231
2026-07-11 04:00:00,future,4,Floors 1-4,Floors 5-10,0.342,0,1,1,0,236,247,95,77.35,15,2860.38,6516.91,1.351,3.077
2026-07-11 05:00:00,future,4,Floors 1-4,Floors 5-10,0.342,0,1,1,0,192,292,94,81.94,16,3193.67,7156.37,1.375,3.08
2026-07-11 06:00:00,future,4,Floors 1-4,Floors 5-10,0.342,0,1,1,0,219,247,89,74.31,17,2995.5,6856.77,1.396,3.195
2026-07-11 07:00:00,future,4,Floors 1-4,Floors 5-10,0.342,0,1,1,0,203,305,87,69.0,14,2972.63,6503.21,1.398,3.059
2026-07-11 08:00:00,future,4,Floors 1-4,Floors 5-10,0.486,1,0,1,0,201,362,74,75.59,15,2910.73,7002.37,1.388,3.339
2026-07-11 09:00:00,future,5,Floors 1-5,Floors 6-10,0.486,1,0,1,0,325,354,74,91.35,17,3046.83,7653.5,1.38,3.467
2026-07-11 10:00:00,future,5,Floors 1-5,Floors 6-10,0.486,1,0,1,0,342,352,83,68.99,15,3215.25,6921.3,1.43,3.079
2026-07-11 11:00:00,future,5,Floors 1-5,Floors 6-10,0.486,1,0,1,0,384,376,61,67.69,17,2984.48,7344.19,1.366,3.361
2026-07-11 12:00:00,future,5,Floors 1-5,Floors 6-10,0.486,1,0,1,0,374,303,53,94.72,16,3086.29,7429.04,1.398,3.365
2026-07-11 13:00:00,future,5,Floors 1-5,Floors 6-10,0.486,1,0,1,0,358,300,70,84.33,20,3286.79,7161.92,1.464,3.19
2026-07-11 14:00:00,future,5,Floors 1-5,Floors 6-10,0.486,1,0,1,0,357,370,102,82.4,17,3343.94,7012.75,1.46,3.063
2026-07-11 15:00:00,future,5,Floors 1-5,Floors 6-10,0.486,1,0,1,0,395,337,76,78.61,17,3068.39,7053.31,1.396,3.209
2026-07-11 16:00:00,future,5,Floors 1-5,Floors 6-10,0.486,1,0,1,0,341,272,82,95.0,14,3090.0,7176.95,1.459,3.388
2026-07-11 17:00:00,future,5,Floors 1-5,Floors 6-10,0.486,1,0,1,0,329,415,56,79.54,16,3149.11,6959.9,1.397,3.088
2026-07-11 18:00:00,future,5,Floors 1-5,Floors 6-10,0.486,1,0,1,0,353,349,53,93.9,17,3237.83,7444.87,1.422,3.27
2026-07-11 19:00:00,future,5,Floors 1-5,Floors 6-10,0.486,1,0,1,0,244,340,72,84.22,15,2725.53,6685.25,1.396,3.425
2026-07-11 20:00:00,future,5,Floors 1-5,Floors 6-10,0.486,1,0,1,0,271,337,52,95.0,16,2902.78,7014.37,1.38,3.334
2026-07-11 21:00:00,future,5,Floors 1-5,Floors 6-10,0.486,1,0,1,0,292,272,87,91.42,15,2995.83,6830.87,1.411,3.216
2026-07-11 22:00:00,future,4,Floors 1-4,Floors 5-10,0.342,0,1,1,0,215,277,74,82.39,12,2809.83,6593.98,1.327,3.115
2026-07-11 23:00:00,future,4,Floors 1-4,Floors 5-10,0.342,0,1,1,0,199,322,87,79.84,16,3002.47,6826.93,1.378,3.133
2026-07-12 00:00:00,future,4,Floors 1-4,Floors 5-10,0.342,0,1,1,0,228,285,86,68.18,14,3010.2,6333.17,1.355,2.851
2026-07-12 01:00:00,future,4,Floors 1-4,Floors 5-10,0.342,0,1,1,0,211,257,69,76.68,14,2909.25,6785.03,1.418,3.306
2026-07-12 02:00:00,future,4,Floors 1-4,Floors 5-10,0.342,0,1,1,0,187,311,76,66.06,15,3030.25,6308.02,1.387,2.886
2026-07-12 03:00:00,future,4,Floors 1-4,Floors 5-10,0.342,0,1,1,0,237,341,103,73.71,13,3167.3,7263.02,1.426,3.269
2026-07-12 04:00:00,future,4,Floors 1-4,Floors 5-10,0.342,0,1,1,0,194,293,100,64.12,15,2828.02,6479.64,1.334,3.056
2026-07-12 05:00:00,future,4,Floors 1-4,Floors 5-10,0.342,0,1,1,0,234,307,79,60.0,13,2928.46,6823.25,1.357,3.162
2026-07-12 06:00:00,future,4,Floors 1-4,Floors 5-10,0.342,0,1,1,0,203,335,102,85.21,13,3032.22,7294.92,1.312,3.156
2026-07-12 07:00:00,future,4,Floors 1-4,Floors 5-10,0.342,0,1,1,0,264,305,74,78.91,16,3163.26,6982.0,1.379,3.044
2026-07-12 08:00:00,future,5,Floors 1-5,Floors 6-10,0.486,1,0,1,0,254,365,60,83.79,12,3096.11,7216.23,1.428,3.329
2026-07-12 09:00:00,future,5,Floors 1-5,Floors 6-10,0.486,1,0,1,0,331,307,82,95.0,16,3146.33,6525.69,1.456,3.021
2026-07-12 10:00:00,future,5,Floors 1-5,Floors 6-10,0.486,1,0,1,0,372,356,58,89.7,17,3259.16,7019.83,1.406,3.029
2026-07-12 11:00:00,future,5,Floors 1-5,Floors 6-10,0.486,1,0,1,0,379,327,72,86.93,12,3030.29,7177.68,1.428,3.382
2026-07-12 12:00:00,future,5,Floors 1-5,Floors 6-10,0.486,1,0,1,0,374,332,80,82.21,17,3030.91,6865.0,1.429,3.237
2026-07-12 13:00:00,future,5,Floors 1-5,Floors 6-10,0.486,1,0,1,0,325,371,80,81.25,20,3097.09,6740.31,1.436,3.125
2026-07-12 14:00:00,future,5,Floors 1-5,Floors 6-10,0.486,1,0,1,0,321,315,71,95.0,16,2994.31,7035.42,1.414,3.323
2026-07-12 15:00:00,future,5,Floors 1-5,Floors 6-10,0.486,1,0,1,0,351,311,99,92.38,15,3007.18,7179.09,1.395,3.33
2026-07-12 16:00:00,future,5,Floors 1-5,Floors 6-10,0.486,1,0,1,0,349,318,73,95.0,15,3080.07,6965.54,1.435,3.246
2026-07-12 17:00:00,future,5,Floors 1-5,Floors 6-10,0.486,1,0,1,0,361,284,72,95.0,20,3185.41,6740.15,1.414,2.991
2026-07-12 18:00:00,future,5,Floors 1-5,Floors 6-10,0.486,1,0,1,0,389,362,62,82.57,18,3096.21,7763.05,1.411,3.537
2026-07-12 19:00:00,future,5,Floors 1-5,Floors 6-10,0.486,1,0,1,0,212,341,90,83.38,11,3063.24,6887.02,1.429,3.213
2026-07-12 20:00:00,future,5,Floors 1-5,Floors 6-10,0.486,1,0,1,0,263,327,61,92.13,18,2950.5,7430.36,1.403,3.534
2026-07-12 21:00:00,future,5,Floors 1-5,Floors 6-10,0.486,1,0,1,0,245,316,61,81.83,13,3168.79,6658.46,1.466,3.081
2026-07-12 22:00:00,future,4,Floors 1-4,Floors 5-10,0.342,0,1,1,0,172,291,102,70.89,15,2887.31,6726.52,1.361,3.172
2026-07-12 23:00:00,future,4,Floors 1-4,Floors 5-10,0.342,0,1,1,0,220,248,89,80.22,14,2907.67,6553.09,1.322,2.98
2026-07-13 00:00:00,future,4,Floors 1-4,Floors 5-10,0.38,0,1,0,0,230,206,101,68.51,16,2802.99,6815.11,1.347,3.274
2026-07-13 01:00:00,future,4,Floors 1-4,Floors 5-10,0.38,0,1,0,0,259,199,96,83.33,10,2939.83,7181.34,1.4,3.42
2026-07-13 02:00:00,future,4,Floors 1-4,Floors 5-10,0.38,0,1,0,0,239,184,76,76.14,13,2951.55,7238.34,1.368,3.356
2026-07-13 03:00:00,future,4,Floors 1-4,Floors 5-10,0.38,0,1,0,0,262,166,79,77.18,13,2847.77,6317.97,1.362,3.021
2026-07-13 04:00:00,future,4,Floors 1-4,Floors 5-10,0.38,0,1,0,0,260,145,112,72.19,15,2844.5,6439.41,1.344,3.042
2026-07-13 05:00:00,future,4,Floors 1-4,Floors 5-10,0.38,0,1,0,0,237,188,99,73.92,15,3144.61,7177.88,1.412,3.222
2026-07-13 06:00:00,future,4,Floors 1-4,Floors 5-10,0.38,0,1,0,0,200,228,103,70.86,10,2850.67,6705.25,1.435,3.374
2026-07-13 07:00:00,future,4,Floors 1-4,Floors 5-10,0.38,0,1,0,0,244,136,79,67.31,19,2869.6,7133.88,1.327,3.299
2026-07-13 08:00:00,future,5,Floors 1-5,Floors 6-10,0.54,1,0,0,0,273,294,72,72.14,14,2960.76,6311.38,1.441,3.071
2026-07-13 09:00:00,future,6,Floors 1-6,Floors 7-10,0.54,1,0,0,0,424,325,64,85.36,16,3248.54,7260.87,1.433,3.202
2026-07-13 10:00:00,future,6,Floors 1-6,Floors 7-10,0.54,1,0,0,0,408,172,68,86.88,16,3007.81,7220.97,1.414,3.394
2026-07-13 11:00:00,future,6,Floors 1-6,Floors 7-10,0.54,1,0,0,0,428,236,105,74.09,18,2959.13,6839.41,1.381,3.192
2026-07-13 12:00:00,future,6,Floors 1-6,Floors 7-10,0.54,1,0,0,0,458,330,75,76.53,15,3156.12,7114.83,1.43,3.224
2026-07-13 13:00:00,future,6,Floors 1-6,Floors 7-10,0.54,1,0,0,0,385,258,91,86.98,15,3008.09,6412.06,1.423,3.033
2026-07-13 14:00:00,future,6,Floors 1-6,Floors 7-10,0.54,1,0,0,0,394,290,58,69.58,19,3389.15,8155.81,1.476,3.552
2026-07-13 15:00:00,future,6,Floors 1-6,Floors 7-10,0.54,1,0,0,0,371,287,63,70.7,19,3277.75,6838.76,1.459,3.045
2026-07-13 16:00:00,future,5,Floors 1-5,Floors 6-10,0.54,1,0,0,0,358,312,67,87.51,17,3264.05,6236.56,1.459,2.788
2026-07-13 17:00:00,future,6,Floors 1-6,Floors 7-10,0.54,1,0,0,0,390,286,61,84.58,18,3212.03,7048.44,1.451,3.183
2026-07-13 18:00:00,future,5,Floors 1-5,Floors 6-10,0.54,1,0,0,0,432,340,70,68.23,18,3190.66,7560.46,1.472,3.489
2026-07-13 19:00:00,future,5,Floors 1-5,Floors 6-10,0.54,1,0,0,0,327,257,85,77.14,14,2993.81,6616.27,1.455,3.216
2026-07-13 20:00:00,future,5,Floors 1-5,Floors 6-10,0.54,1,0,0,0,325,316,87,92.17,17,3100.6,7016.26,1.42,3.214
2026-07-13 21:00:00,future,5,Floors 1-5,Floors 6-10,0.54,1,0,0,0,279,254,84,84.81,16,2967.42,7181.98,1.429,3.459
2026-07-13 22:00:00,future,4,Floors 1-4,Floors 5-10,0.38,0,1,0,0,301,203,93,77.91,14,2965.47,7201.73,1.352,3.283
2026-07-13 23:00:00,future,4,Floors 1-4,Floors 5-10,0.38,0,1,0,0,226,170,75,86.34,16,2837.24,7002.0,1.383,3.413
2026-07-14 00:00:00,future,4,Floors 1-4,Floors 5-10,0.38,0,1,0,0,250,193,94,55.45,14,2923.24,7239.45,1.403,3.475
2026-07-14 01:00:00,future,4,Floors 1-4,Floors 5-10,0.38,0,1,0,0,265,210,96,82.63,10,2835.98,6946.94,1.368,3.351
2026-07-14 02:00:00,future,4,Floors 1-4,Floors 5-10,0.38,0,1,0,0,191,225,82,76.72,12,2840.58,7487.45,1.377,3.63
2026-07-14 03:00:00,future,4,Floors 1-4,Floors 5-10,0.38,0,1,0,0,243,248,72,73.41,13,2993.07,6597.76,1.404,3.096
2026-07-14 04:00:00,future,4,Floors 1-4,Floors 5-10,0.38,0,1,0,0,206,214,75,61.85,17,2720.66,6358.83,1.318,3.08
2026-07-14 05:00:00,future,4,Floors 1-4,Floors 5-10,0.38,0,1,0,0,203,216,79,75.32,16,2985.4,6686.34,1.427,3.197
2026-07-14 06:00:00,future,4,Floors 1-4,Floors 5-10,0.38,0,1,0,0,242,229,93,74.3,16,2985.14,6520.52,1.363,2.978
2026-07-14 07:00:00,future,4,Floors 1-4,Floors 5-10,0.38,0,1,0,0,206,174,59,74.68,16,3026.04,6937.31,1.373,3.147
2026-07-14 08:00:00,future,5,Floors 1-5,Floors 6-10,0.54,1,0,0,0,215,226,47,84.8,14,2787.8,6788.42,1.387,3.377
2026-07-14 09:00:00,future,6,Floors 1-6,Floors 7-10,0.54,1,0,0,0,356,285,85,69.41,14,3156.16,7150.16,1.468,3.327
2026-07-14 10:00:00,future,5,Floors 1-5,Floors 6-10,0.54,1,0,0,0,327,302,58,85.38,17,3268.73,7163.79,1.484,3.252
2026-07-14 11:00:00,future,5,Floors 1-5,Floors 6-10,0.54,1,0,0,0,333,275,93,90.15,17,3068.43,7474.07,1.423,3.466
2026-07-14 12:00:00,future,5,Floors 1-5,Floors 6-10,0.54,1,0,0,0,379,277,84,78.53,16,3004.85,7101.2,1.381,3.264
2026-07-14 13:00:00,future,6,Floors 1-6,Floors 7-10,0.54,1,0,0,0,385,218,63,93.4,15,3039.92,6944.69,1.36,3.106
2026-07-14 14:00:00,future,5,Floors 1-5,Floors 6-10,0.54,1,0,0,0,340,305,72,73.58,16,3147.48,6902.56,1.423,3.121
2026-07-14 15:00:00,future,6,Floors 1-6,Floors 7-10,0.54,1,0,0,0,400,279,77,86.04,16,3253.35,7235.25,1.437,3.197
2026-07-14 16:00:00,future,6,Floors 1-6,Floors 7-10,0.54,1,0,0,0,434,242,76,90.17,16,3166.51,7097.86,1.404,3.147
2026-07-14 17:00:00,future,5,Floors 1-5,Floors 6-10,0.54,1,0,0,0,382,343,72,84.76,15,3323.19,7203.46,1.431,3.101
2026-07-14 18:00:00,future,6,Floors 1-6,Floors 7-10,0.54,1,0,0,0,424,249,74,77.36,17,3005.58,7062.88,1.388,3.263
2026-07-14 19:00:00,future,5,Floors 1-5,Floors 6-10,0.54,1,0,0,0,340,222,69,64.8,16,3208.42,6985.22,1.464,3.186
2026-07-14 20:00:00,future,5,Floors 1-5,Floors 6-10,0.54,1,0,0,0,301,289,70,85.3,17,2942.82,6883.77,1.418,3.318
2026-07-14 21:00:00,future,5,Floors 1-5,Floors 6-10,0.54,1,0,0,0,283,295,61,74.2,13,3086.14,6687.3,1.459,3.162
2026-07-14 22:00:00,future,4,Floors 1-4,Floors 5-10,0.38,0,1,0,0,228,283,90,84.44,15,2986.17,6586.02,1.361,3.002
2026-07-14 23:00:00,future,4,Floors 1-4,Floors 5-10,0.38,0,1,0,0,234,220,79,65.68,17,2998.58,6851.85,1.406,3.212
2026-07-15 00:00:00,future,4,Floors 1-4,Floors 5-10,0.38,0,1,0,0,259,225,77,64.31,15,2974.41,6909.61,1.416,3.29
2026-07-15 01:00:00,future,4,Floors 1-4,Floors 5-10,0.38,0,1,0,0,230,166,66,74.29,16,2913.61,6725.08,1.382,3.19
2026-07-15 02:00:00,future,4,Floors 1-4,Floors 5-10,0.38,0,1,0,0,238,218,78,71.76,18,2776.52,6340.18,1.349,3.079
2026-07-15 03:00:00,future,4,Floors 1-4,Floors 5-10,0.38,0,1,0,0,182,197,74,68.42,14,2928.59,7057.0,1.412,3.402
2026-07-15 04:00:00,future,4,Floors 1-4,Floors 5-10,0.38,0,1,0,0,266,163,92,72.87,16,3003.84,6720.5,1.375,3.077
2026-07-15 05:00:00,future,4,Floors 1-4,Floors 5-10,0.38,0,1,0,0,262,197,83,71.69,10,3010.45,6686.69,1.433,3.183
2026-07-15 06:00:00,future,4,Floors 1-4,Floors 5-10,0.38,0,1,0,0,235,185,89,87.12,14,2714.59,7019.59,1.338,3.461
2026-07-15 07:00:00,future,4,Floors 1-4,Floors 5-10,0.38,0,1,0,0,269,175,99,74.31,14,2936.57,6880.72,1.384,3.243
2026-07-15 08:00:00,future,5,Floors 1-5,Floors 6-10,0.54,1,0,0,0,301,234,102,75.69,12,3088.53,7203.14,1.414,3.297
2026-07-15 09:00:00,future,6,Floors 1-6,Floors 7-10,0.54,1,0,0,0,327,230,77,80.65,16,3136.1,6816.62,1.421,3.088
2026-07-15 10:00:00,future,6,Floors 1-6,Floors 7-10,0.54,1,0,0,0,334,304,83,90.29,17,3116.17,7005.58,1.417,3.185
2026-07-15 11:00:00,future,5,Floors 1-5,Floors 6-10,0.54,1,0,0,0,330,261,80,92.48,14,3077.18,6702.86,1.432,3.119
2026-07-15 12:00:00,future,5,Floors 1-5,Floors 6-10,0.54,1,0,0,0,357,235,77,92.98,14,3002.01,7910.72,1.42,3.742
2026-07-15 13:00:00,future,6,Floors 1-6,Floors 7-10,0.54,1,0,0,0,411,232,81,75.25,16,3291.49,7101.65,1.463,3.156
2026-07-15 14:00:00,future,5,Floors 1-5,Floors 6-10,0.54,1,0,0,0,365,280,61,86.29,16,3031.18,7254.45,1.453,3.477
2026-07-15 15:00:00,future,6,Floors 1-6,Floors 7-10,0.54,1,0,0,0,401,213,85,66.91,17,3176.35,6850.95,1.414,3.051
2026-07-15 16:00:00,future,6,Floors 1-6,Floors 7-10,0.54,1,0,0,0,387,286,68,78.35,19,3126.12,7621.45,1.38,3.364
2026-07-15 17:00:00,future,6,Floors 1-6,Floors 7-10,0.54,1,0,0,0,443,194,89,71.76,16,3080.57,7255.72,1.447,3.409
2026-07-15 18:00:00,future,6,Floors 1-6,Floors 7-10,0.54,1,0,0,0,409,228,51,90.92,18,3154.71,6978.7,1.404,3.106
2026-07-15 19:00:00,future,6,Floors 1-6,Floors 7-10,0.54,1,0,0,0,349,250,89,79.73,16,3190.18,6615.55,1.453,3.013
2026-07-15 20:00:00,future,5,Floors 1-5,Floors 6-10,0.54,1,0,0,0,282,234,68,77.84,15,3093.29,7259.05,1.414,3.318
2026-07-15 21:00:00,future,5,Floors 1-5,Floors 6-10,0.54,1,0,0,0,341,315,71,78.9,18,3208.13,7346.41,1.468,3.362
2026-07-15 22:00:00,future,4,Floors 1-4,Floors 5-10,0.38,0,1,0,0,277,131,65,72.28,14,2895.36,6263.03,1.372,2.968
2026-07-15 23:00:00,future,4,Floors 1-4,Floors 5-10,0.38,0,1,0,0,238,168,87,70.92,18,2893.17,6677.43,1.403,3.238
2026-07-16 00:00:00,future,4,Floors 1-4,Floors 5-10,0.38,0,1,0,0,266,192,70,65.37,16,2976.52,6721.19,1.371,3.095
2026-07-16 01:00:00,future,4,Floors 1-4,Floors 5-10,0.38,0,1,0,0,219,203,88,67.2,20,2870.64,6751.17,1.407,3.309
2026-07-16 02:00:00,future,4,Floors 1-4,Floors 5-10,0.38,0,1,0,0,173,194,80,80.78,15,2801.42,7283.57,1.377,3.58
2026-07-16 03:00:00,future,4,Floors 1-4,Floors 5-10,0.38,0,1,0,0,226,286,93,72.42,13,3090.8,7247.38,1.412,3.31
2026-07-16 04:00:00,future,4,Floors 1-4,Floors 5-10,0.38,0,1,0,0,242,185,82,80.06,17,2937.93,6444.78,1.374,3.014
2026-07-16 05:00:00,future,4,Floors 1-4,Floors 5-10,0.38,0,1,0,0,209,200,87,78.08,14,2768.42,6820.13,1.349,3.322
2026-07-16 06:00:00,future,5,Floors 1-5,Floors 6-10,0.38,0,1,0,0,275,191,101,86.69,16,3059.21,6847.86,1.368,3.062
2026-07-16 07:00:00,future,4,Floors 1-4,Floors 5-10,0.38,0,1,0,0,281,249,86,70.63,12,3097.45,6955.93,1.429,3.209
2026-07-16 08:00:00,future,5,Floors 1-5,Floors 6-10,0.54,1,0,0,0,283,262,60,77.93,13,2927.25,7401.01,1.434,3.625
2026-07-16 09:00:00,future,6,Floors 1-6,Floors 7-10,0.54,1,0,0,0,376,255,55,85.24,18,3175.6,6828.42,1.462,3.143
2026-07-16 10:00:00,future,6,Floors 1-6,Floors 7-10,0.54,1,0,0,0,395,351,69,74.33,16,3111.61,7209.31,1.442,3.342
2026-07-16 11:00:00,future,5,Floors 1-5,Floors 6-10,0.54,1,0,0,0,324,250,75,82.05,16,3209.37,7254.73,1.472,3.326
2026-07-16 12:00:00,future,5,Floors 1-5,Floors 6-10,0.54,1,0,0,0,344,258,99,91.79,16,3139.67,7118.27,1.432,3.248
2026-07-16 13:00:00,future,6,Floors 1-6,Floors 7-10,0.54,1,0,0,0,426,267,55,74.41,15,3212.25,7320.63,1.379,3.142
2026-07-16 14:00:00,future,6,Floors 1-6,Floors 7-10,0.54,1,0,0,0,340,252,85,95.0,18,3089.01,7390.14,1.419,3.395
2026-07-16 15:00:00,future,6,Floors 1-6,Floors 7-10,0.54,1,0,0,0,422,260,67,85.04,16,3013.4,7598.3,1.373,3.463
2026-07-16 16:00:00,future,6,Floors 1-6,Floors 7-10,0.54,1,0,0,0,448,253,110,79.67,20,3264.07,7535.63,1.446,3.338
2026-07-16 17:00:00,future,6,Floors 1-6,Floors 7-10,0.54,1,0,0,0,474,239,78,75.49,12,3041.66,7706.38,1.417,3.59
2026-07-16 18:00:00,future,6,Floors 1-6,Floors 7-10,0.54,1,0,0,0,379,250,65,80.1,19,2977.47,7736.01,1.385,3.599
2026-07-16 19:00:00,future,6,Floors 1-6,Floors 7-10,0.54,1,0,0,0,357,206,91,83.43,15,3195.38,6837.43,1.471,3.147
2026-07-16 20:00:00,future,5,Floors 1-5,Floors 6-10,0.54,1,0,0,0,307,274,66,80.98,16,2872.06,7081.83,1.404,3.461
2026-07-16 21:00:00,future,5,Floors 1-5,Floors 6-10,0.54,1,0,0,0,311,220,56,78.69,15,2952.16,6983.24,1.426,3.373
2026-07-16 22:00:00,future,5,Floors 1-5,Floors 6-10,0.38,0,1,0,0,279,173,66,71.61,17,2888.86,6164.75,1.404,2.996
2026-07-16 23:00:00,future,4,Floors 1-4,Floors 5-10,0.38,0,1,0,0,237,209,83,62.93,14,3006.49,7172.17,1.412,3.368
2026-07-17 00:00:00,future,4,Floors 1-4,Floors 5-10,0.38,0,1,0,0,225,257,96,80.11,14,3001.46,6753.34,1.382,3.109
2026-07-17 01:00:00,future,4,Floors 1-4,Floors 5-10,0.38,0,1,0,0,253,248,70,63.86,13,3052.66,6725.87,1.362,3.001
2026-07-17 02:00:00,future,5,Floors 1-5,Floors 6-10,0.38,0,1,0,0,284,149,76,72.39,14,2835.55,6198.43,1.351,2.954
2026-07-17 03:00:00,future,4,Floors 1-4,Floors 5-10,0.38,0,1,0,0,206,225,82,75.76,14,2812.87,6376.74,1.355,3.072
2026-07-17 04:00:00,future,4,Floors 1-4,Floors 5-10,0.38,0,1,0,0,239,123,83,72.73,12,2964.25,6696.28,1.408,3.18
2026-07-17 05:00:00,future,4,Floors 1-4,Floors 5-10,0.38,0,1,0,0,225,224,98,71.56,13,2948.03,6434.13,1.384,3.021
2026-07-17 06:00:00,future,4,Floors 1-4,Floors 5-10,0.38,0,1,0,0,265,178,83,77.63,14,2776.48,7004.68,1.358,3.425
2026-07-17 07:00:00,future,5,Floors 1-5,Floors 6-10,0.38,0,1,0,0,292,227,83,82.59,16,2911.21,6770.01,1.343,3.123
2026-07-17 08:00:00,future,5,Floors 1-5,Floors 6-10,0.54,1,0,0,0,233,231,88,88.86,10,2987.52,6674.46,1.393,3.112
2026-07-17 09:00:00,future,5,Floors 1-5,Floors 6-10,0.54,1,0,0,0,325,310,72,91.05,13,2980.08,6446.12,1.396,3.02
2026-07-17 10:00:00,future,5,Floors 1-5,Floors 6-10,0.54,1,0,0,0,350,290,74,79.56,13,3084.78,6681.98,1.416,3.068
2026-07-17 11:00:00,future,5,Floors 1-5,Floors 6-10,0.54,1,0,0,0,384,318,78,80.66,16,3349.42,7576.97,1.411,3.191
2026-07-17 12:00:00,future,6,Floors 1-6,Floors 7-10,0.54,1,0,0,0,430,274,75,85.37,15,3340.08,7107.44,1.47,3.129
2026-07-17 13:00:00,future,6,Floors 1-6,Floors 7-10,0.54,1,0,0,0,402,217,64,82.93,15,3242.59,7229.92,1.48,3.301
2026-07-17 14:00:00,future,6,Floors 1-6,Floors 7-10,0.54,1,0,0,0,415,253,77,87.63,19,3187.25,6955.42,1.433,3.128
2026-07-17 15:00:00,future,5,Floors 1-5,Floors 6-10,0.54,1,0,0,0,339,230,73,70.71,14,3086.82,7025.21,1.41,3.21
2026-07-17 16:00:00,future,6,Floors 1-6,Floors 7-10,0.54,1,0,0,0,441,198,73,87.98,20,3159.73,6901.7,1.405,3.068
2026-07-17 17:00:00,future,5,Floors 1-5,Floors 6-10,0.54,1,0,0,0,376,264,71,86.46,15,2862.68,6759.52,1.373,3.243
2026-07-17 18:00:00,future,6,Floors 1-6,Floors 7-10,0.54,1,0,0,0,380,261,50,90.98,15,3288.96,7296.98,1.467,3.254
2026-07-17 19:00:00,future,5,Floors 1-5,Floors 6-10,0.54,1,0,0,0,234,311,65,85.21,11,3084.3,6806.09,1.422,3.137
2026-07-17 20:00:00,future,5,Floors 1-5,Floors 6-10,0.54,1,0,0,0,332,273,67,76.89,12,2996.24,6819.7,1.382,3.146
2026-07-17 21:00:00,future,5,Floors 1-5,Floors 6-10,0.54,1,0,0,0,298,260,67,86.71,14,3022.37,6876.33,1.419,3.229
2026-07-17 22:00:00,future,4,Floors 1-4,Floors 5-10,0.38,0,1,0,0,241,167,80,72.45,16,2853.41,6769.16,1.384,3.282
2026-07-17 23:00:00,future,4,Floors 1-4,Floors 5-10,0.38,0,1,0,0,274,195,77,66.99,15,2951.81,7256.38,1.407,3.46
2026-07-18 00:00:00,future,4,Floors 1-4,Floors 5-10,0.342,0,1,1,0,187,319,86,75.26,17,2900.2,6654.84,1.387,3.183
2026-07-18 01:00:00,future,4,Floors 1-4,Floors 5-10,0.342,0,1,1,0,178,280,110,78.64,14,2996.6,6735.68,1.409,3.166
2026-07-18 02:00:00,future,4,Floors 1-4,Floors 5-10,0.342,0,1,1,0,191,284,70,89.55,12,2823.71,6750.78,1.327,3.174
2026-07-18 03:00:00,future,4,Floors 1-4,Floors 5-10,0.342,0,1,1,0,194,325,63,94.49,15,3010.99,6722.48,1.379,3.08
2026-07-18 04:00:00,future,4,Floors 1-4,Floors 5-10,0.342,0,1,1,0,267,315,92,86.13,12,3055.48,6987.54,1.399,3.199
2026-07-18 05:00:00,future,4,Floors 1-4,Floors 5-10,0.342,0,1,1,0,186,296,81,81.69,17,2905.13,6581.64,1.371,3.105
2026-07-18 06:00:00,future,4,Floors 1-4,Floors 5-10,0.342,0,1,1,0,226,308,79,79.25,15,3011.3,7114.13,1.398,3.302
2026-07-18 07:00:00,future,4,Floors 1-4,Floors 5-10,0.342,0,1,1,0,198,328,63,69.97,15,3162.65,7561.27,1.426,3.409
2026-07-18 08:00:00,future,4,Floors 1-4,Floors 5-10,0.486,1,0,1,0,187,377,57,83.23,14,3013.1,6776.53,1.431,3.219
2026-07-18 09:00:00,future,5,Floors 1-5,Floors 6-10,0.486,1,0,1,0,351,356,68,79.39,20,3103.3,7123.67,1.402,3.219
2026-07-18 10:00:00,future,5,Floors 1-5,Floors 6-10,0.486,1,0,1,0,303,326,81,80.79,14,2977.21,6942.85,1.397,3.258
2026-07-18 11:00:00,future,5,Floors 1-5,Floors 6-10,0.486,1,0,1,0,326,337,62,83.19,15,3308.78,6821.75,1.446,2.981
2026-07-18 12:00:00,future,5,Floors 1-5,Floors 6-10,0.486,1,0,1,0,372,350,60,76.99,18,3455.18,6798.63,1.47,2.892
2026-07-18 13:00:00,future,5,Floors 1-5,Floors 6-10,0.486,1,0,1,0,357,294,66,95.0,16,3263.5,6944.47,1.444,3.072
2026-07-18 14:00:00,future,5,Floors 1-5,Floors 6-10,0.486,1,0,1,0,361,358,82,86.45,17,2953.67,7087.65,1.313,3.152
2026-07-18 15:00:00,future,5,Floors 1-5,Floors 6-10,0.486,1,0,1,0,366,381,91,82.58,15,3331.48,7812.38,1.434,3.364
2026-07-18 16:00:00,future,6,Floors 1-6,Floors 7-10,0.486,1,0,1,0,399,318,74,95.0,18,3216.03,6907.81,1.446,3.107
2026-07-18 17:00:00,future,5,Floors 1-5,Floors 6-10,0.486,1,0,1,0,331,339,89,84.08,15,3074.63,7351.11,1.426,3.409
2026-07-18 18:00:00,future,5,Floors 1-5,Floors 6-10,0.486,1,0,1,0,303,311,93,74.12,18,3053.0,7129.47,1.44,3.363
2026-07-18 19:00:00,future,5,Floors 1-5,Floors 6-10,0.486,1,0,1,0,242,316,77,90.75,22,2985.22,7162.81,1.407,3.377
2026-07-18 20:00:00,future,5,Floors 1-5,Floors 6-10,0.486,1,0,1,0,253,324,63,85.13,15,3115.95,7200.71,1.456,3.365
2026-07-18 21:00:00,future,5,Floors 1-5,Floors 6-10,0.486,1,0,1,0,284,304,88,84.51,16,3078.77,7225.94,1.403,3.293
2026-07-18 22:00:00,future,4,Floors 1-4,Floors 5-10,0.342,0,1,1,0,194,317,102,83.21,14,2873.24,6802.16,1.36,3.221
2026-07-18 23:00:00,future,4,Floors 1-4,Floors 5-10,0.342,0,1,1,0,206,290,82,89.52,10,2731.96,6790.44,1.366,3.395
2026-07-19 00:00:00,future,4,Floors 1-4,Floors 5-10,0.342,0,1,1,0,212,260,76,81.46,18,2765.26,6960.47,1.333,3.355
2026-07-19 01:00:00,future,4,Floors 1-4,Floors 5-10,0.342,0,1,1,0,150,318,96,75.87,14,3011.6,7175.6,1.424,3.393
2026-07-19 02:00:00,future,4,Floors 1-4,Floors 5-10,0.342,0,1,1,0,210,357,91,78.52,16,2819.76,6583.37,1.384,3.232
2026-07-19 03:00:00,future,4,Floors 1-4,Floors 5-10,0.342,0,1,1,0,200,222,76,70.44,11,3062.84,7247.15,1.406,3.327
2026-07-19 04:00:00,future,4,Floors 1-4,Floors 5-10,0.342,0,1,1,0,158,291,89,78.91,17,3010.51,6746.15,1.408,3.154
2026-07-19 05:00:00,future,4,Floors 1-4,Floors 5-10,0.342,0,1,1,0,132,323,107,87.16,10,2790.41,7146.21,1.385,3.546
2026-07-19 06:00:00,future,4,Floors 1-4,Floors 5-10,0.342,0,1,1,0,183,296,81,91.7,20,3090.1,6565.97,1.412,3.0
2026-07-19 07:00:00,future,4,Floors 1-4,Floors 5-10,0.342,0,1,1,0,243,269,85,82.69,15,2997.56,6648.68,1.366,3.03
2026-07-19 08:00:00,future,5,Floors 1-5,Floors 6-10,0.486,1,0,1,0,202,309,84,85.76,13,3100.51,7390.59,1.44,3.433
2026-07-19 09:00:00,future,5,Floors 1-5,Floors 6-10,0.486,1,0,1,0,342,360,84,95.0,18,3229.96,7275.51,1.453,3.272
2026-07-19 10:00:00,future,5,Floors 1-5,Floors 6-10,0.486,1,0,1,0,389,311,58,78.12,19,3110.53,7366.5,1.431,3.389
2026-07-19 11:00:00,future,5,Floors 1-5,Floors 6-10,0.486,1,0,1,0,323,366,71,88.03,15,3234.35,7043.2,1.438,3.132
2026-07-19 12:00:00,future,5,Floors 1-5,Floors 6-10,0.486,1,0,1,0,346,420,91,88.07,15,3308.04,7372.57,1.422,3.169
2026-07-19 13:00:00,future,5,Floors 1-5,Floors 6-10,0.486,1,0,1,0,339,403,90,95.0,16,3176.52,6797.46,1.455,3.114
2026-07-19 14:00:00,future,5,Floors 1-5,Floors 6-10,0.486,1,0,1,0,328,295,48,83.6,16,3126.21,7684.53,1.435,3.527
2026-07-19 15:00:00,future,5,Floors 1-5,Floors 6-10,0.486,1,0,1,0,326,348,105,76.94,17,3120.67,6634.7,1.42,3.02
2026-07-19 16:00:00,future,5,Floors 1-5,Floors 6-10,0.486,1,0,1,0,374,362,92,91.31,16,3211.34,7132.34,1.455,3.231
2026-07-19 17:00:00,future,5,Floors 1-5,Floors 6-10,0.486,1,0,1,0,369,316,72,95.0,16,3200.27,6847.07,1.455,3.112
2026-07-19 18:00:00,future,5,Floors 1-5,Floors 6-10,0.486,1,0,1,0,379,375,62,85.21,14,3318.35,7144.8,1.475,3.176
2026-07-19 19:00:00,future,5,Floors 1-5,Floors 6-10,0.486,1,0,1,0,256,345,78,84.57,17,3002.11,6473.33,1.415,3.052
2026-07-19 20:00:00,future,5,Floors 1-5,Floors 6-10,0.486,1,0,1,0,274,305,82,64.22,16,2888.56,7017.28,1.445,3.51
2026-07-19 21:00:00,future,5,Floors 1-5,Floors 6-10,0.486,1,0,1,0,286,380,79,86.17,16,3061.02,7143.1,1.403,3.274
2026-07-19 22:00:00,future,4,Floors 1-4,Floors 5-10,0.342,0,1,1,0,207,316,58,60.08,15,3079.28,6621.81,1.447,3.112
2026-07-19 23:00:00,future,4,Floors 1-4,Floors 5-10,0.342,0,1,1,0,236,206,66,68.65,13,3084.85,7028.81,1.408,3.208
2026-07-20 00:00:00,future,4,Floors 1-4,Floors 5-10,0.38,0,1,0,0,204,220,93,72.52,19,2864.53,6941.12,1.361,3.299
2026-07-20 01:00:00,future,4,Floors 1-4,Floors 5-10,0.38,0,1,0,0,274,236,66,74.28,18,3121.51,6202.74,1.432,2.845
2026-07-20 02:00:00,future,4,Floors 1-4,Floors 5-10,0.38,0,1,0,0,293,165,93,66.88,15,3081.59,6637.8,1.408,3.033
2026-07-20 03:00:00,future,4,Floors 1-4,Floors 5-10,0.38,0,1,0,0,195,162,72,75.53,13,2670.79,6471.22,1.337,3.24
2026-07-20 04:00:00,future,4,Floors 1-4,Floors 5-10,0.38,0,1,0,0,241,255,78,84.25,14,2774.65,7232.1,1.358,3.54
2026-07-20 05:00:00,future,4,Floors 1-4,Floors 5-10,0.38,0,1,0,0,194,166,108,82.3,17,2864.24,6191.68,1.359,2.938
2026-07-20 06:00:00,future,4,Floors 1-4,Floors 5-10,0.38,0,1,0,0,223,184,98,73.74,14,2781.98,6487.25,1.344,3.134
2026-07-20 07:00:00,future,4,Floors 1-4,Floors 5-10,0.38,0,1,0,0,270,168,88,59.5,12,2884.73,7207.89,1.36,3.398
2026-07-20 08:00:00,future,5,Floors 1-5,Floors 6-10,0.54,1,0,0,0,279,297,94,89.67,16,3087.36,7068.45,1.45,3.319
2026-07-20 09:00:00,future,5,Floors 1-5,Floors 6-10,0.54,1,0,0,0,299,278,81,87.28,16,3242.24,7096.88,1.419,3.106
2026-07-20 10:00:00,future,6,Floors 1-6,Floors 7-10,0.54,1,0,0,0,361,210,70,82.25,17,3108.25,7149.34,1.409,3.241
2026-07-20 11:00:00,future,6,Floors 1-6,Floors 7-10,0.54,1,0,0,0,392,247,68,95.0,15,3238.46,6943.66,1.445,3.097
2026-07-20 12:00:00,future,6,Floors 1-6,Floors 7-10,0.54,1,0,0,0,413,230,89,77.65,13,3037.97,7110.59,1.453,3.401
2026-07-20 13:00:00,future,6,Floors 1-6,Floors 7-10,0.54,1,0,0,0,465,284,50,81.4,13,3170.36,7274.99,1.375,3.155
2026-07-20 14:00:00,future,5,Floors 1-5,Floors 6-10,0.54,1,0,0,0,399,310,81,85.54,16,3168.26,6936.04,1.47,3.218
2026-07-20 15:00:00,future,5,Floors 1-5,Floors 6-10,0.54,1,0,0,0,330,308,86,72.99,19,3130.1,6979.95,1.412,3.15
2026-07-20 16:00:00,future,5,Floors 1-5,Floors 6-10,0.54,1,0,0,0,372,278,83,82.78,20,3099.76,6778.8,1.416,3.097
2026-07-20 17:00:00,future,6,Floors 1-6,Floors 7-10,0.54,1,0,0,0,348,278,82,87.42,18,3087.94,7659.9,1.385,3.436
2026-07-20 18:00:00,future,6,Floors 1-6,Floors 7-10,0.54,1,0,0,0,397,277,82,68.41,17,3106.64,7175.18,1.355,3.13
2026-07-20 19:00:00,future,5,Floors 1-5,Floors 6-10,0.54,1,0,0,0,286,261,82,86.87,12,3075.82,7165.98,1.395,3.251
2026-07-20 20:00:00,future,5,Floors 1-5,Floors 6-10,0.54,1,0,0,0,325,276,71,76.82,17,3273.58,7614.5,1.425,3.316
2026-07-20 21:00:00,future,5,Floors 1-5,Floors 6-10,0.54,1,0,0,0,280,242,69,84.0,14,2969.63,6984.79,1.38,3.246
2026-07-20 22:00:00,future,4,Floors 1-4,Floors 5-10,0.38,0,1,0,0,207,203,69,59.13,13,2819.33,6614.41,1.373,3.222
2026-07-20 23:00:00,future,4,Floors 1-4,Floors 5-10,0.38,0,1,0,0,241,224,73,80.97,12,2806.01,6601.3,1.333,3.136
